ID;NAME;TYPE;SRC;REFYEAR
18490453;ADECCO GROUP AG;FIN_REP;https://www.adeccogroup.com/-/media/project/Adecco%20Group/adeccogroup/pdf-files/2024-march/the-adecco-group-annual-report-2023.pdf;2023
18490453;ADECCO GROUP AG;OTHER;https://companiesmarketcap.com/inr/adecco-group/revenue/;2024
18490453;ADECCO GROUP AG;OTHER;https://finance.yahoo.com/quote/AHEXY/;2024
18490453;ADECCO GROUP AG;OTHER;https://www.reuters.com/markets/companies/ADEN.S/;2024
18490453;ADECCO GROUP AG;OTHER;https://www.google.com/finance/quote/SGSN:SWX;2024
18490453;ADECCO GROUP AG;OTHER;;
18503381;JOHNSON CONTROLS INTERNATIONAL PUBLIC LIMITED COMPANY;FIN_REP;https://investors.johnsoncontrols.com/~/media/Files/J/Johnson-Controls-IR-V2/annual-meeting-materials/annual-reports/2024-annual-report-proxy-statement.pdf;2024
18503381;JOHNSON CONTROLS INTERNATIONAL PUBLIC LIMITED COMPANY;OTHER;https://companiesmarketcap.com/european-union/largest-companies-in-the-eu-by-market-cap/;2024
18503381;JOHNSON CONTROLS INTERNATIONAL PUBLIC LIMITED COMPANY;OTHER;https://finance.yahoo.com/quote/JCI/;2024
18503381;JOHNSON CONTROLS INTERNATIONAL PUBLIC LIMITED COMPANY;OTHER;https://www.reuters.com/markets/companies/JCI.N;2024
18503381;JOHNSON CONTROLS INTERNATIONAL PUBLIC LIMITED COMPANY;OTHER;;
18503381;JOHNSON CONTROLS INTERNATIONAL PUBLIC LIMITED COMPANY;OTHER;;
18503440;MAGNA INTERNATIONAL INC;FIN_REP;https://www.magna.com/docs/default-source/financial-reports-public-filings/annual-reports/2024-annual-report---magna---aoda.pdf?sfvrsn=188e000d_11;2024
18503440;MAGNA INTERNATIONAL INC;OTHER;https://companiesmarketcap.com/magna-international/revenue/;2024
18503440;MAGNA INTERNATIONAL INC;OTHER;https://www.reuters.com/markets/companies/mga/;2024
18503440;MAGNA INTERNATIONAL INC;OTHER;https://finance.yahoo.com/quote/MGA/;2024
18503440;MAGNA INTERNATIONAL INC;OTHER;https://www.google.com/finance/quote/MG:TSE;2024
18503440;MAGNA INTERNATIONAL INC;OTHER;;
18511746;PUBLICIS GROUPE S A;FIN_REP;https://documents.publicisgroupe.com/urd2023/PBS2023_PUBLICIS_URD_EN_MeL_24_05_07.pdf;2023
18511746;PUBLICIS GROUPE S A;OTHER;https://finance.yahoo.com/quote/PUB.PA/;2024
18511746;PUBLICIS GROUPE S A;OTHER;https://companiesmarketcap.com/france/largest-french-companies-by-revenue/;2024
18511746;PUBLICIS GROUPE S A;OTHER;https://www.google.com/finance/quote/BN:EPA;2024
18511746;PUBLICIS GROUPE S A;OTHER;https://www.reuters.com/markets/companies/PUBP.PA;2024
18511746;PUBLICIS GROUPE S A;OTHER;;
18512048;GEBR. KNAUF;FIN_REP;https://forbo.blob.core.windows.net/forbodocuments/41f1ccfc-cbb7-45d8-9ad2-e3786287272b/Forbo_Geschaeftsbericht_2024_en_Gesamtbericht.pdf;2024
18512048;GEBR. KNAUF;OTHER;;
18512048;GEBR. KNAUF;OTHER;;
18512048;GEBR. KNAUF;OTHER;;
18512048;GEBR. KNAUF;OTHER;;
18512048;GEBR. KNAUF;OTHER;;
18519151;BRIDGESTONE CORPORATION;FIN_REP;https://www.bridgestone.com/ir/library/integrated_report/pdf/2024/ir2024_spread.pdf;2024
18519151;BRIDGESTONE CORPORATION;OTHER;https://companiesmarketcap.com/bridgestone/revenue/;2024
18519151;BRIDGESTONE CORPORATION;OTHER;https://finance.yahoo.com/quote/BRDCY/;2024
18519151;BRIDGESTONE CORPORATION;OTHER;https://www.google.com/finance/quote/6301:TYO;2024
18519151;BRIDGESTONE CORPORATION;OTHER;https://www.reuters.com/markets/companies/5108.T/;2024
18519151;BRIDGESTONE CORPORATION;OTHER;;
18520469;FERRERO;FIN_REP;https://www.ferrerosustainability.com/int/sites/ferrerosustainability_int/files/homepage-annual-report/2024-05/ferrero_csr_final_28524.pdf;2023
18520469;FERRERO;OTHER;https://companiesmarketcap.com/lindt/marketcap/;2024
18520469;FERRERO;OTHER;https://finance.yahoo.com/quote/FXPO.L/;2024
18520469;FERRERO;OTHER;https://www.google.com/finance/quote/CAR:NASDAQ;2024
18520469;FERRERO;OTHER;https://www.reuters.com/markets/companies/TIP.MI;2024
18520469;FERRERO;OTHER;;
18521399;SUMITOMO CORPORATION;FIN_REP;https://www.sumitomocorp.com/-/media/Files/hq/ir/report/yuho/2023/FY2023_Annual-Financial-Report.pdf;2023
18521399;SUMITOMO CORPORATION;OTHER;https://companiesmarketcap.com/inr/sumitomo-mitsui-financial-group/revenue/;2024
18521399;SUMITOMO CORPORATION;OTHER;https://finance.yahoo.com/quote/SSUMY/;2024
18521399;SUMITOMO CORPORATION;OTHER;https://www.google.com/finance/quote/8316:TYO;2024
18521399;SUMITOMO CORPORATION;OTHER;https://www.reuters.com/markets/companies/8316.T;2024
18521399;SUMITOMO CORPORATION;OTHER;;
18527213;COMPAGNIE DE SAINT GOBAIN;FIN_REP;https://www.saint-gobain.com/sites/saint-gobain.com/files/media/document/Saint-Gobain_2024_DEU_VA.pdf;2024
18527213;COMPAGNIE DE SAINT GOBAIN;OTHER;https://finance.yahoo.com/quote/SGO.PA/;2024
18527213;COMPAGNIE DE SAINT GOBAIN;OTHER;https://www.google.com/finance/quote/SGO:EPA;2024
18527213;COMPAGNIE DE SAINT GOBAIN;OTHER;https://www.reuters.com/markets/companies/SGOB.PA/;2024
18527213;COMPAGNIE DE SAINT GOBAIN;OTHER;https://companiesmarketcap.com/eur/compagnie-de-saint-gobain/revenue/;2024
18527213;COMPAGNIE DE SAINT GOBAIN;OTHER;;
18535882;ABBOTT LABORATORIES;FIN_REP;https://www.abbottinvestor.com/static-files/61441b9a-bf14-49fa-9748-50188e3aac5c;2024
18535882;ABBOTT LABORATORIES;OTHER;https://companiesmarketcap.com/inr/abbott-laboratories/revenue/;2024
18535882;ABBOTT LABORATORIES;OTHER;https://www.google.com/finance/quote/ABT:NYSE;2024
18535882;ABBOTT LABORATORIES;OTHER;https://finance.yahoo.com/quote/ABT/cash-flow/;2024
18535882;ABBOTT LABORATORIES;OTHER;https://www.reuters.com/markets/companies/ABT.N/;2024
18535882;ABBOTT LABORATORIES;OTHER;;
18539093;BP P.L.C.;FIN_REP;https://www.bp.com/content/dam/bp/business-sites/en/global/corporate/pdfs/investors/bp-annual-report-and-form-20f-2024.pdf;2024
18539093;BP P.L.C.;OTHER;https://finance.yahoo.com/quote/BP/;2024
18539093;BP P.L.C.;OTHER;https://companiesmarketcap.com/bp/revenue/;2024
18539093;BP P.L.C.;OTHER;https://www.google.com/finance/quote/BP:LON;2024
18539093;BP P.L.C.;OTHER;https://www.reuters.com/markets/companies/BP.L/;2024
18539093;BP P.L.C.;OTHER;;
18541762;ENGIE;FIN_REP;https://www.engie.com/sites/default/files/assets/documents/2025-02/2024%20Management%20report%20and%20Annual%20consolidated%20financial%20statements.pdf;2024
18541762;ENGIE;OTHER;https://finance.yahoo.com/quote/ENGI.PA/;2024
18541762;ENGIE;OTHER;https://www.reuters.com/markets/companies/ENGIE.PA;2024
18541762;ENGIE;OTHER;https://companiesmarketcap.com/eur/engie/revenue/;2024
18541762;ENGIE;OTHER;https://www.google.com/finance/quote/EGIE3:BVMF;2024
18541762;ENGIE;OTHER;;
18543139;DENTSU GROUP INC.;FIN_REP;https://www.group.dentsu.com/en/ir/common/pdf/2024_finance.pdf;2024
18543139;DENTSU GROUP INC.;OTHER;https://companiesmarketcap.com/dentsu/marketcap/;2024
18543139;DENTSU GROUP INC.;OTHER;https://finance.yahoo.com/quote/4324.T/;2024
18543139;DENTSU GROUP INC.;OTHER;https://www.reuters.com/markets/companies/4324.T;2024
18543139;DENTSU GROUP INC.;OTHER;https://www.google.com/finance/quote/4301:TYO;2024
18543139;DENTSU GROUP INC.;OTHER;;
18552002;THYSSENKRUPP;FIN_REP;https://d2zo35mdb530wx.cloudfront.net/_binary/thyssenkruppAGReport/354e8b26-9f91-40f1-80cf-91207a65c9d0/Annual-report_2023-2024.pdf;2023
18552002;THYSSENKRUPP;OTHER;https://companiesmarketcap.com/thyssenkrupp/revenue/;2024
18552002;THYSSENKRUPP;OTHER;https://finance.yahoo.com/quote/TKA.DE/;2024
18552002;THYSSENKRUPP;OTHER;https://www.google.com/finance/quote/TKA:ETR;2024
18552002;THYSSENKRUPP;OTHER;https://www.reuters.com/markets/companies/NCH2.DE;2024
18552002;THYSSENKRUPP;OTHER;;
18573648;VOESTALPINE GROUP;FIN_REP;https://www.voestalpine.com/group/static/sites/group/.downloads/en/publications-2023-24/2023-24-annual-report.pdf;2023
18573648;VOESTALPINE GROUP;OTHER;https://companiesmarketcap.com/voestalpine/marketcap/;2024
18573648;VOESTALPINE GROUP;OTHER;https://finance.yahoo.com/quote/VOE.VI/;2024
18573648;VOESTALPINE GROUP;OTHER;https://www.google.com/finance/quote/VOE:VIE?hl=de;2024
18573648;VOESTALPINE GROUP;OTHER;https://www.reuters.com/markets/companies/MUXG.DE;2024
18573648;VOESTALPINE GROUP;OTHER;;
18573835;ORANGE;FIN_REP;https://orangecoastcollege.edu/about/accreditation/docs/2024-annual-report-orange-coast-college.pdf;2024
18573835;ORANGE;OTHER;https://companiesmarketcap.com/orange/revenue/;2024
18573835;ORANGE;OTHER;https://finance.yahoo.com/quote/ORANY/;2024
18573835;ORANGE;OTHER;https://www.reuters.com/markets/companies/OPL.WA/;2024
18573835;ORANGE;OTHER;https://www.google.com/finance/quote/ORA:EPA;2024
18573835;ORANGE;OTHER;;
18581640;ORACLE CORP;FIN_REP;https://www.oracle.com/a/ocom/docs/industries/financial-services/oracle-financial-services-ar-2023-24.pdf;2023
18581640;ORACLE CORP;OTHER;https://companiesmarketcap.com/oracle/revenue/;2024
18581640;ORACLE CORP;OTHER;https://finance.yahoo.com/quote/ORCL/;2024
18581640;ORACLE CORP;OTHER;https://www.google.com/finance/quote/ORCL:NYSE;2024
18581640;ORACLE CORP;OTHER;https://www.reuters.com/markets/companies/ORCL.N;2024
18581640;ORACLE CORP;OTHER;;
18587386;ACCOR;FIN_REP;https://group.accor.com/-/media/Corporate/Investors/Documents-financiers/2025/02-20-FY/blockchained_FY_24_PR_vDef.pdf?rev=ba57ab1b185c4f15a300834899d6ca92;2024
18587386;ACCOR;OTHER;https://www.reuters.com/markets/companies/ACCP.PA/;2024
18587386;ACCOR;OTHER;https://companiesmarketcap.com/accor/operating-margin/;2024
18587386;ACCOR;OTHER;https://finance.yahoo.com/quote/AC.PA/;2024
18587386;ACCOR;OTHER;https://www.google.com/finance/quote/AF:EPA;2024
18587386;ACCOR;OTHER;;
18591402;PROCTER & GAMBLE CO;FIN_REP;https://in.pg.com/2023_annual_report.pdf;2023
18591402;PROCTER & GAMBLE CO;OTHER;https://companiesmarketcap.com/procter-and-gamble/revenue/;2024
18591402;PROCTER & GAMBLE CO;OTHER;https://finance.yahoo.com/quote/PG/;2024
18591402;PROCTER & GAMBLE CO;OTHER;https://www.google.com/finance/quote/PG:NYSE;2024
18591402;PROCTER & GAMBLE CO;OTHER;https://jp.reuters.com/markets/companies/PG.N;2024
18591402;PROCTER & GAMBLE CO;OTHER;;
18599238;FCC;FIN_REP;https://www.fcc.gov/sites/default/files/FCC-Agency-Financial-Report-FY-2024-508.pdf;2024
18599238;FCC;OTHER;https://companiesmarketcap.com/fomento-de-construcciones-y-contratas/marketcap/;2024
18599238;FCC;OTHER;https://www.reuters.com/markets/companies/FCC.MC/;2024
18599238;FCC;OTHER;https://finance.yahoo.com/quote/FCC.MC/;2024
18599238;FCC;OTHER;https://www.google.com/finance/quote/FRT:NYSE;2024
18599238;FCC;OTHER;;
18606822;SOCIETE NATIONALE SNCF;FIN_REP;https://www.groupe-sncf.com/medias-publics/2025-03/full-year-financial-report-2024-sncf-group.pdf?VersionId=em7qXJkw0zqwqOzffEZLKpir87yxVsm0;2024
18606822;SOCIETE NATIONALE SNCF;OTHER;https://companiesmarketcap.com/germany/largest-companies-in-germany-by-market-cap/;2024
18606822;SOCIETE NATIONALE SNCF;OTHER;https://finance.yahoo.com/quote/WAB.VI/press-releases/?p=WAB.VI&ncid=stockrec;2024
18606822;SOCIETE NATIONALE SNCF;OTHER;;
18606822;SOCIETE NATIONALE SNCF;OTHER;;
18606822;SOCIETE NATIONALE SNCF;OTHER;;
18611599;ATLAS COPCO AKTIEBOLAG;FIN_REP;https://www.atlascopcogroup.com/content/dam/atlas-copco/group/documents/investors/financial-publications/english/20250320-annual-report-2024-incl-sustainability-report-and-corporate-governance-report-copy-of-the-official-ESEF-format.pdf;2024
18611599;ATLAS COPCO AKTIEBOLAG;OTHER;https://companiesmarketcap.com/atlas-copco/revenue/;2024
18611599;ATLAS COPCO AKTIEBOLAG;OTHER;https://finance.yahoo.com/quote/ATCO-A.ST/;2024
18611599;ATLAS COPCO AKTIEBOLAG;OTHER;https://www.reuters.com/markets/companies/ATCOa.ST;2024
18611599;ATLAS COPCO AKTIEBOLAG;OTHER;https://www.google.com/finance/quote/ATLCY:OTCMKTS?hl=pl;2024
18611599;ATLAS COPCO AKTIEBOLAG;OTHER;;
18618947;AKTIEBOLAGET SKF;FIN_REP;https://investors.skf.com/sites/skf-ir/files/pr/202401309147-1.pdf;2023
18618947;AKTIEBOLAGET SKF;OTHER;https://finance.yahoo.com/quote/SKF-B.ST/;2024
18618947;AKTIEBOLAGET SKF;OTHER;https://www.reuters.com/markets/companies/SKFb.ST/;2024
18618947;AKTIEBOLAGET SKF;OTHER;https://companiesmarketcap.com/svenska-kullagerfabriken/marketcap/;2024
18618947;AKTIEBOLAGET SKF;OTHER;https://www.google.com/finance/quote/SKA-B:STO;2024
18618947;AKTIEBOLAGET SKF;OTHER;;
18622186;JOHN WOOD GROUP PLC;FIN_REP;https://home.barclays/content/dam/home-barclays/documents/investor-relations/reports-and-events/annual-reports/2024/Barclays-PLC-Annual-Report-2024.pdf;2024
18622186;JOHN WOOD GROUP PLC;OTHER;https://companiesmarketcap.com/john-wood-group/revenue/;2024
18622186;JOHN WOOD GROUP PLC;OTHER;https://finance.yahoo.com/quote/WG.L/;2024
18622186;JOHN WOOD GROUP PLC;OTHER;https://www.google.com/finance/quote/WG:LON;2024
18622186;JOHN WOOD GROUP PLC;OTHER;https://www.reuters.com/markets/companies/WG.L;2024
18622186;JOHN WOOD GROUP PLC;OTHER;;
18627417;FUJITSU LIMITED;FIN_REP;https://www.fujitsu.com/global/documents/about/ir/library/integratedrep/financialsection2024-01.pdf;2024
18627417;FUJITSU LIMITED;OTHER;https://companiesmarketcap.com/fujitsu/revenue/;2024
18627417;FUJITSU LIMITED;OTHER;https://www.google.com/finance/quote/6702:TYO;2024
18627417;FUJITSU LIMITED;OTHER;https://finance.yahoo.com/quote/6755.T/;2024
18627417;FUJITSU LIMITED;OTHER;https://www.reuters.com/markets/companies/6702.T/;2024
18627417;FUJITSU LIMITED;OTHER;;
18629376;CRH PLC;FIN_REP;https://www.crh.com/media/5126/crh-annual-report-2023-web-version.pdf;2023
18629376;CRH PLC;OTHER;https://finance.yahoo.com/quote/CRH/;2024
18629376;CRH PLC;OTHER;https://www.reuters.com/markets/companies/CRH/;2024
18629376;CRH PLC;OTHER;https://companiesmarketcap.com/crh/revenue/;2024
18629376;CRH PLC;OTHER;https://www.google.com/finance/quote/BLDR:NYSE;2024
18629376;CRH PLC;OTHER;;
18632343;DEUTSCHE BAHN;FIN_REP;https://investor-relations.db.com/files/documents/annual-reports/2024/Non-Financial-Report-2023.pdf;2023
18632343;DEUTSCHE BAHN;OTHER;https://companiesmarketcap.com/deutsche-bank/operating-margin/;2024
18632343;DEUTSCHE BAHN;OTHER;https://finance.yahoo.com/quote/DB/;2024
18632343;DEUTSCHE BAHN;OTHER;https://www.reuters.com/markets/companies/4030.SE/;2024
18632343;DEUTSCHE BAHN;OTHER;;
18632343;DEUTSCHE BAHN;OTHER;;
18636888;CARGILL;FIN_REP;https://www.cargill.com/doc/1432263180474/2024-annual-report.pdf;2024
18636888;CARGILL;OTHER;https://companiesmarketcap.com/sanderson-farms/revenue/;2024
18636888;CARGILL;OTHER;https://finance.yahoo.com/quote/TSN/news/;2024
18636888;CARGILL;OTHER;https://www.google.com/finance/quote/BG:NYSE?hl=ko;2024
18636888;CARGILL;OTHER;https://www.reuters.com/markets/companies/CARG.CM/;2024
18636888;CARGILL;OTHER;;
18644473;WARNER BROS. DISCOVERY INC.;FIN_REP;https://static-wbd-cdn.wbd.com/s3_assets/wp-content/themes/warner-bros-discovery-corporate/pdf/wbd-4q23-earnings-release-02-23-24.pdf;2023
18644473;WARNER BROS. DISCOVERY INC.;OTHER;https://companiesmarketcap.com/warner-bros-discovery/revenue/;2024
18644473;WARNER BROS. DISCOVERY INC.;OTHER;https://finance.yahoo.com/quote/WBD/;2024
18644473;WARNER BROS. DISCOVERY INC.;OTHER;https://www.google.com/finance/quote/WBD:NASDAQ;2024
18644473;WARNER BROS. DISCOVERY INC.;OTHER;https://www.reuters.com/markets/companies/wbd.o;2024
18644473;WARNER BROS. DISCOVERY INC.;OTHER;;
18646411;GENERAL ELECTRIC COMPANY;FIN_REP;https://www.ge.com/sites/default/files/GE_AR19_AnnualReport.pdf;2024
18646411;GENERAL ELECTRIC COMPANY;OTHER;https://companiesmarketcap.com/general-electric/revenue/;2024
18646411;GENERAL ELECTRIC COMPANY;OTHER;https://www.google.com/finance/quote/GE:NYSE;2024
18646411;GENERAL ELECTRIC COMPANY;OTHER;https://uk.finance.yahoo.com/quote/GE/;2024
18646411;GENERAL ELECTRIC COMPANY;OTHER;https://www.reuters.com/markets/companies/GE.N;2024
18646411;GENERAL ELECTRIC COMPANY;OTHER;;
18648074;SAFRAN;FIN_REP;https://www.safran-group.com/download/media/447680;2024
18648074;SAFRAN;OTHER;https://companiesmarketcap.com/safran/revenue/;2024
18648074;SAFRAN;OTHER;https://finance.yahoo.com/quote/SAFRY/;2024
18648074;SAFRAN;OTHER;https://www.google.com/finance/quote/SAF:EPA;2024
18648074;SAFRAN;OTHER;https://jp.reuters.com/markets/companies/SAF.PA;2024
18648074;SAFRAN;OTHER;;
18658675;BASF;FIN_REP;https://www.basf.com/dam/jcr:a0caf160-c019-40b1-a4ea-eaedb29b0685/basf/www/global/documents/en/investor-relations/calendar-and-publications/reports/2025/BASF_Report_2024.pdf;2024
18658675;BASF;OTHER;https://companiesmarketcap.com/basf/revenue/;2024
18658675;BASF;OTHER;https://finance.yahoo.com/quote/BAS.DE/;2024
18658675;BASF;OTHER;https://www.google.com/finance/quote/BAS:ETR;2024
18658675;BASF;OTHER;https://www.reuters.com/markets/companies/BASFn.DE/;2024
18658675;BASF;OTHER;;
18665236;APTIV PLC;FIN_REP;https://www.aptiv.com/docs/default-source/sustainability-report/2024_aptiv_digital_sustainability_consolidated_report.pdf;2024
18665236;APTIV PLC;OTHER;https://companiesmarketcap.com/aptiv/revenue/;2024
18665236;APTIV PLC;OTHER;https://finance.yahoo.com/quote/APTV/;2024
18665236;APTIV PLC;OTHER;https://www.google.com/finance/quote/APTV:NYSE;2024
18665236;APTIV PLC;OTHER;https://www.reuters.com/markets/companies/APTV.N/;2024
18665236;APTIV PLC;OTHER;;
18673760;WPP PLC;FIN_REP;https://www.wpp.com/-/media/project/wpp/files/investors/2024/annual-report-docs/wpp_annual_report_2023.pdf;2023
18673760;WPP PLC;OTHER;https://companiesmarketcap.com/wpp/revenue/;2024
18673760;WPP PLC;OTHER;https://finance.yahoo.com/quote/WPP/;2024
18673760;WPP PLC;OTHER;https://www.google.com/finance/quote/WPP:LON;2024
18673760;WPP PLC;OTHER;https://www.reuters.com/markets/companies/WPP.L/;2024
18673760;WPP PLC;OTHER;;
18685228;GI GROUP;FIN_REP;https://www.gigroupholding.com/france/wp-content/uploads/sites/5/2022/02/Annual-Report-2020-Dossier-A-ENG.pdf;2024
18685228;GI GROUP;OTHER;https://finance.yahoo.com/quote/GIG.WA/;2024
18685228;GI GROUP;OTHER;https://www.google.com/finance/quote/VFS:NASDAQ?hl=vi;2024
18685228;GI GROUP;OTHER;https://www.reuters.com/markets/companies/VAKKO.IS/;2024
18685228;GI GROUP;OTHER;https://companiesmarketcap.com/ig-group/revenue/;2024
18685228;GI GROUP;OTHER;;
18686668;ACCIONA;FIN_REP;https://www.acciona.com/content/dam/acciona-global/documentos/inversores/cuentas-anuales/consolidated-annual-accounts-2024.pdf;2024
18686668;ACCIONA;OTHER;https://companiesmarketcap.com/aud/acciona/revenue/;2024
18686668;ACCIONA;OTHER;https://finance.yahoo.com/quote/ANA.MC/;2024
18686668;ACCIONA;OTHER;https://www.google.com/finance/quote/ANA:BME;2024
18686668;ACCIONA;OTHER;https://www.reuters.com/markets/companies/ANA.MC/;2024
18686668;ACCIONA;OTHER;;
18691645;FLETCHER GROUP;FIN_REP;https://fletcherbuilding.com/assets/4-investor-centre/annual-reports/2024-annual-report.pdf;2024
18691645;FLETCHER GROUP;OTHER;https://companiesmarketcap.com/fletcher-building/revenue/;2024
18691645;FLETCHER GROUP;OTHER;https://finance.yahoo.com/quote/FBU.AX/;2024
18691645;FLETCHER GROUP;OTHER;https://www.google.com/finance/quote/FBU:NZE;2024
18691645;FLETCHER GROUP;OTHER;https://www.reuters.com/markets/companies/FBU.NZ/;2024
18691645;FLETCHER GROUP;OTHER;;
18694033;SODEXO;FIN_REP;https://www.compass-group.com/content/dam/compass-group/corporate/oar-2024/annual-report-2024.pdf;2024
18694033;SODEXO;OTHER;https://finance.yahoo.com/quote/SDXOF/;2024
18694033;SODEXO;OTHER;https://www.reuters.com/markets/companies/EXHO.PA;2024
18694033;SODEXO;OTHER;https://companiesmarketcap.com/inr/sodexo/marketcap/;2024
18694033;SODEXO;OTHER;https://www.google.com/finance/quote/FGR:EPA?hl=es;2024
18694033;SODEXO;OTHER;;
18700025;ADVANCE PROPERTIES;FIN_REP;https://www.ginniemae.gov/about_us/what_we_do/Annual_Reports/annual_report24.pdf;2024
18700025;ADVANCE PROPERTIES;OTHER;https://companiesmarketcap.com/annual-reports-10k/main_file_0000050863-20-000011-a12282019q410kdocumentcourte.pdf?save;2024
18700025;ADVANCE PROPERTIES;OTHER;https://finance.yahoo.com/quote/3269.T/;2024
18700025;ADVANCE PROPERTIES;OTHER;https://www.google.com/finance/quote/IIPR:NYSE;2024
18700025;ADVANCE PROPERTIES;OTHER;https://www.reuters.com/markets/companies/3269.T/;2024
18700025;ADVANCE PROPERTIES;OTHER;;
18705450;AKZO NOBEL NV;FIN_REP;https://www.akzonobel.com/content/dam/akzonobel-corporate/global/en/investor-relations-images/result-center/archive-annual-reports/2029-2020/AkzoNobel-annual-report-2024.pdf;2024
18705450;AKZO NOBEL NV;OTHER;https://finance.yahoo.com/quote/AKZA.AS/;2024
18705450;AKZO NOBEL NV;OTHER;https://companiesmarketcap.com/akzonobel/revenue/;2024
18705450;AKZO NOBEL NV;OTHER;https://www.google.com/finance/quote/RAND:AMS;2024
18705450;AKZO NOBEL NV;OTHER;https://www.reuters.com/markets/companies/AKZO.AS;2024
18705450;AKZO NOBEL NV;OTHER;;
18709351;DIOR;FIN_REP;https://www.dior-finance.com/pdf/d/2/1044/Christian%20Dior%20-%20Annual%20results%20VA%20-%20financial%20release%202024.pdf;2024
18709351;DIOR;OTHER;https://companiesmarketcap.com/dior/revenue/;2024
18709351;DIOR;OTHER;https://finance.yahoo.com/quote/CDI.PA/;2024
18709351;DIOR;OTHER;https://www.google.com/finance/quote/CDI:EPA;2024
18709351;DIOR;OTHER;https://www.reuters.com/markets/companies/DIOR.PA;2024
18709351;DIOR;OTHER;;
18712196;AMAZON;FIN_REP;https://sustainability.aboutamazon.com/2023-amazon-sustainability-report.pdf;2023
18712196;AMAZON;OTHER;https://companiesmarketcap.com/amazon/revenue/;2024
18712196;AMAZON;OTHER;https://finance.yahoo.com/quote/AMZN/;2024
18712196;AMAZON;OTHER;https://www.google.com/finance/quote/AMZ:FRA;2024
18712196;AMAZON;OTHER;https://www.reuters.com/markets/companies/AMZN.OQ/;2024
18712196;AMAZON;OTHER;;
18715555;SONY GROUP CORPORATION;FIN_REP;https://www.sonypictures.com/corp/pdfs/modern_slavery_transparency_statement.pdf;2024
18715555;SONY GROUP CORPORATION;OTHER;https://companiesmarketcap.com/sony/revenue/;2024
18715555;SONY GROUP CORPORATION;OTHER;https://finance.yahoo.com/quote/SONY/;2024
18715555;SONY GROUP CORPORATION;OTHER;https://www.google.com/finance/quote/SONY:NYSE;2024
18715555;SONY GROUP CORPORATION;OTHER;https://www.reuters.com/markets/companies/6758.T/;2024
18715555;SONY GROUP CORPORATION;OTHER;;
18718848;SONOVA;FIN_REP;https://www.sonova.com/sites/default/files/2024-05/01_Sonova_AR_23-24_Full_Report_en.pdf;2023
18718848;SONOVA;OTHER;https://finance.yahoo.com/quote/SOON.SW/history/;2024
18718848;SONOVA;OTHER;https://companiesmarketcap.com/hkd/sonova/revenue/;2024
18718848;SONOVA;OTHER;https://www.reuters.com/markets/companies/SOON.S/;2024
18718848;SONOVA;OTHER;https://www.google.com/finance/quote/GIVN:SWX;2024
18718848;SONOVA;OTHER;;
18731292;IKEA;FIN_REP;https://www.ikea.com/global/en/images/IKEA_SUSTAINABILITY_Report_FY_23_20240125_1b190c008f.pdf;2024
18731292;IKEA;OTHER;https://companiesmarketcap.com/walmart/marketcap/;2024
18731292;IKEA;OTHER;https://de.finance.yahoo.com/quote/ETST/news/;2024
18731292;IKEA;OTHER;https://www.google.com/finance/quote/PHIA:AMS;2024
18731292;IKEA;OTHER;https://www.reuters.com/markets/companies/hero.jk;2024
18731292;IKEA;OTHER;;
18736044;SECURITAS AB;FIN_REP;https://www.securitas.com/globalassets/com/files/annual-reports/eng/securitas_ar2024_eng.pdf;2024
18736044;SECURITAS AB;OTHER;https://companiesmarketcap.com/securitas/revenue/;2024
18736044;SECURITAS AB;OTHER;https://finance.yahoo.com/quote/SECU-B.ST/key-statistics/;2024
18736044;SECURITAS AB;OTHER;https://www.reuters.com/markets/companies/SECUb.ST;2024
18736044;SECURITAS AB;OTHER;https://www.google.com/finance/quote/SBB-D:STO;2024
18736044;SECURITAS AB;OTHER;;
18742207;AIRBUS SE;FIN_REP;https://www.airbus.com/sites/g/files/jlcbta136/files/2025-04/Airbus%20Annual%20Report%202024.pdf;2024
18742207;AIRBUS SE;OTHER;https://finance.yahoo.com/quote/AIR.PA/;2024
18742207;AIRBUS SE;OTHER;https://www.google.com/finance/quote/AIR:BME;2024
18742207;AIRBUS SE;OTHER;https://jp.reuters.com/markets/companies/AIRG.D/;2024
18742207;AIRBUS SE;OTHER;https://companiesmarketcap.com/airbus/revenue/;2024
18742207;AIRBUS SE;OTHER;;
18745703;ETEX;FIN_REP;https://www.etexgroup.com/siteassets/etex-group-website-2024/investors/annual-report-2024/etex-2024-annual-report.pdf?v=496e95;2024
18745703;ETEX;OTHER;https://finance.yahoo.com/quote/1628188.BR/;2024
18745703;ETEX;OTHER;;
18745703;ETEX;OTHER;;
18745703;ETEX;OTHER;;
18745703;ETEX;OTHER;;
18748693;SIEMENS;FIN_REP;https://www.siemens.com/siemensreport;2024
18748693;SIEMENS;OTHER;https://companiesmarketcap.com/siemens/revenue/;2024
18748693;SIEMENS;OTHER;https://finance.yahoo.com/quote/SIEGY/;2024
18748693;SIEMENS;OTHER;https://www.google.com/finance/quote/SIEMENS:NSE;2024
18748693;SIEMENS;OTHER;https://www.reuters.com/markets/companies/ENR1n.DE/;2024
18748693;SIEMENS;OTHER;;
18754669;VODAFONE GROUP PLC;FIN_REP;https://investors.vodafone.com/~/media/files/v/vodafone-ir/documents/performance/financial-results/2023/vodafone-fy23-annual-report.pdf;2023
18754669;VODAFONE GROUP PLC;OTHER;https://finance.yahoo.com/quote/VOD/;2024
18754669;VODAFONE GROUP PLC;OTHER;https://www.google.com/finance/quote/VOD:NASDAQ;2024
18754669;VODAFONE GROUP PLC;OTHER;https://companiesmarketcap.com/vodafone/marketcap/;2024
18754669;VODAFONE GROUP PLC;OTHER;https://www.reuters.com/markets/companies/VOD.O/;2024
18754669;VODAFONE GROUP PLC;OTHER;;
18755204;HBIS GROUP CO. LTD.;FIN_REP;https://www.hbisco.com/uploads/2024-07-11/2da4a160-8708-417b-8192-8af49caa69811720657241525.pdf;2024
18755204;HBIS GROUP CO. LTD.;OTHER;https://finance.yahoo.com/quote/000709.SZ/;2024
18755204;HBIS GROUP CO. LTD.;OTHER;https://www.reuters.com/markets/companies/000709.SZ/;2024
18755204;HBIS GROUP CO. LTD.;OTHER;https://www.google.com/finance/quote/600507:SHA;2024
18755204;HBIS GROUP CO. LTD.;OTHER;;
18755204;HBIS GROUP CO. LTD.;OTHER;;
18761094;MOL HUNGARIAN OIL AND GAS;FIN_REP;https://molgroup.info/en/show/publications/annual_reports/2023/integrated-annual-report-2023-eng.pdf;2024
18761094;MOL HUNGARIAN OIL AND GAS;OTHER;https://finance.yahoo.com/quote/MOGB.MU/;2024
18761094;MOL HUNGARIAN OIL AND GAS;OTHER;https://companiesmarketcap.com/oil-gas/largest-oil-and-gas-companies-by-revenue/;2024
18761094;MOL HUNGARIAN OIL AND GAS;OTHER;https://www.reuters.com/markets/companies/MOLB.BU/;2024
18761094;MOL HUNGARIAN OIL AND GAS;OTHER;;
18761094;MOL HUNGARIAN OIL AND GAS;OTHER;;
18763081;DSV A/S;FIN_REP;https://investor.dsv.com/static-files/2827c611-c12d-4307-9e89-c344f848e1fc;2024
18763081;DSV A/S;OTHER;https://finance.yahoo.com/quote/DSV.CO/;2024
18763081;DSV A/S;OTHER;https://www.reuters.com/markets/companies/DSV.CO;2024
18763081;DSV A/S;OTHER;https://companiesmarketcap.com/dsv/revenue/;2024
18763081;DSV A/S;OTHER;https://www.google.com/finance/quote/NKT:CPH;2024
18763081;DSV A/S;OTHER;;
18767600;KRONES;FIN_REP;https://ircenter.handelsblatt.com/download/companies/krones/Annual%20Reports/DE0006335003-JA-2023-EQ-E-00.pdf;2023
18767600;KRONES;OTHER;https://companiesmarketcap.com/krones/revenue/;2024
18767600;KRONES;OTHER;https://finance.yahoo.com/quote/KRNNF/;2024
18767600;KRONES;OTHER;https://www.google.com/finance/quote/KRN:FRA;2024
18767600;KRONES;OTHER;https://www.reuters.com/markets/companies/KRNG.DE;2024
18767600;KRONES;OTHER;;
18773773;KONECRANES;FIN_REP;https://investors.konecranes.com/sites/konecranes/files/Annual_report_2024/annual_review_2024.pdf;2024
18773773;KONECRANES;OTHER;https://companiesmarketcap.com/konecranes/revenue/;2024
18773773;KONECRANES;OTHER;https://finance.yahoo.com/quote/KCR.HE/key-statistics/;2024
18773773;KONECRANES;OTHER;https://www.google.com/finance/quote/KCR:HEL;2024
18773773;KONECRANES;OTHER;https://www.reuters.com/markets/companies/KCRA.HE/;2024
18773773;KONECRANES;OTHER;;
18774479;SANDVIK AKTIEBOLAG;FIN_REP;https://attachment.news.eu.nasdaq.com/ae06b58ee14ef7bdd383d98073a7301b1;2024
18774479;SANDVIK AKTIEBOLAG;OTHER;https://companiesmarketcap.com/sandvik/revenue/;2024
18774479;SANDVIK AKTIEBOLAG;OTHER;https://finance.yahoo.com/quote/SAND.ST/;2024
18774479;SANDVIK AKTIEBOLAG;OTHER;https://www.reuters.com/markets/companies/SAND.ST/;2024
18774479;SANDVIK AKTIEBOLAG;OTHER;https://www.google.com/finance/quote/ASSA-B:STO;2024
18774479;SANDVIK AKTIEBOLAG;OTHER;;
18774712;SKANSKA AB;FIN_REP;https://group.skanska.com/49490b/siteassets/investors/reports-publications/annual-reports/2024/annual-and-sustainability-report-2024.pdf;2024
18774712;SKANSKA AB;OTHER;https://companiesmarketcap.com/inr/skanska/revenue/;2024
18774712;SKANSKA AB;OTHER;https://finance.yahoo.com/quote/SKA-B.ST/;2024
18774712;SKANSKA AB;OTHER;https://www.google.com/finance/quote/SKA-B:STO;2024
18774712;SKANSKA AB;OTHER;https://www.reuters.com/markets/companies/SKAb.ST;2024
18774712;SKANSKA AB;OTHER;;
18774867;SANOFI;FIN_REP;https://www.sanofi.com/assets/dotcom/pressreleases/2025/2025-01-30-06-30-00-3017713-en.pdf;2024
18774867;SANOFI;OTHER;https://companiesmarketcap.com/sanofi/revenue/;2024
18774867;SANOFI;OTHER;https://www.google.com/finance/quote/SAN:EPA;2024
18774867;SANOFI;OTHER;https://finance.yahoo.com/quote/SNY/financials/;2024
18774867;SANOFI;OTHER;https://www.reuters.com/markets/companies/SANO.BO/;2024
18774867;SANOFI;OTHER;;
18778752;WURTH;FIN_REP;https://www.wuerth.com/downloads/pdf/Gesch%C3%A4ftsbericht/2023/Annual-Report-W%C3%BCrth-Group-2023-en.pdf;2023
18778752;WURTH;OTHER;https://finance.yahoo.com/quote/SUACU/news/;2024
18778752;WURTH;OTHER;https://www.google.com/finance/quote/MSFT:BMV;2024
18778752;WURTH;OTHER;https://www.reuters.com/markets/companies/MT.AS;2024
18778752;WURTH;OTHER;;
18778752;WURTH;OTHER;;
18784770;AKTIEBOLAGET VOLVO;FIN_REP;https://www.volvogroup.com/content/dam/volvo-group/markets/master/events/2025/annual-reports/volvo-group-annual-report-2024.pdf;2024
18784770;AKTIEBOLAGET VOLVO;OTHER;https://finance.yahoo.com/quote/VOLV-B.ST/;2024
18784770;AKTIEBOLAGET VOLVO;OTHER;https://companiesmarketcap.com/volvo/revenue/;2024
18784770;AKTIEBOLAGET VOLVO;OTHER;https://www.google.com/finance/quote/VOLV-B:STO?hl=sv;2024
18784770;AKTIEBOLAGET VOLVO;OTHER;https://www.reuters.com/markets/companies/VOLVB.ST;2024
18784770;AKTIEBOLAGET VOLVO;OTHER;;
18796310;TOTALENERGIES SE;FIN_REP;https://totalenergies.com/system/files/documents/totalenergies_pr-results-q4-2024_2025_en.pdf;2024
18796310;TOTALENERGIES SE;OTHER;https://finance.yahoo.com/quote/TTE/;2024
18796310;TOTALENERGIES SE;OTHER;https://www.google.com/finance/quote/TTE:NYSE;2024
18796310;TOTALENERGIES SE;OTHER;https://www.reuters.com/markets/companies/TOTFy.F/;2024
18796310;TOTALENERGIES SE;OTHER;https://companiesmarketcap.com/totalenergies/revenue/;2024
18796310;TOTALENERGIES SE;OTHER;;
18802249;BRITISH AMERICAN TOBACCO PLC;FIN_REP;https://www.bat.com/content/dam/batcom/global/main-nav/investors-and-reporting/reporting/combined-annual-and-sustainability-report/BAT_Annual_Report_on_Form_20-F_2024.pdf;2024
18802249;BRITISH AMERICAN TOBACCO PLC;OTHER;https://companiesmarketcap.com/british-american-tobacco/revenue/;2024
18802249;BRITISH AMERICAN TOBACCO PLC;OTHER;https://finance.yahoo.com/quote/BTI/;2024
18802249;BRITISH AMERICAN TOBACCO PLC;OTHER;https://www.google.com/finance/quote/BATS:LON;2024
18802249;BRITISH AMERICAN TOBACCO PLC;OTHER;https://www.reuters.com/markets/companies/BATZ.LZ/;2024
18802249;BRITISH AMERICAN TOBACCO PLC;OTHER;;
18803013;NIPPON STEEL CORPORATION;FIN_REP;https://www.nipponsteel.com/en/ir/library/pdf/nsc_en_ir_2024_all.pdf;2024
18803013;NIPPON STEEL CORPORATION;OTHER;https://companiesmarketcap.com/nippon-steel/revenue/;2024
18803013;NIPPON STEEL CORPORATION;OTHER;https://finance.yahoo.com/quote/NISTF/;2024
18803013;NIPPON STEEL CORPORATION;OTHER;https://www.google.com/finance/quote/5401:TYO;2024
18803013;NIPPON STEEL CORPORATION;OTHER;https://www.reuters.com/markets/companies/5401.T;2024
18803013;NIPPON STEEL CORPORATION;OTHER;;
18805524;KONINKLIJKE AHOLD DELHAIZE NV;FIN_REP;https://www.aholddelhaize.com/media/eacd1r3g/annual-report-2024-ahold-delhaize.pdf;2024
18805524;KONINKLIJKE AHOLD DELHAIZE NV;OTHER;https://finance.yahoo.com/quote/AD.AS/;2024
18805524;KONINKLIJKE AHOLD DELHAIZE NV;OTHER;https://www.reuters.com/markets/companies/AD.AS/;2024
18805524;KONINKLIJKE AHOLD DELHAIZE NV;OTHER;https://companiesmarketcap.com/eur/ahold-delhaize/revenue/;2024
18805524;KONINKLIJKE AHOLD DELHAIZE NV;OTHER;https://www.google.com/finance/quote/ABN:AMS;2024
18805524;KONINKLIJKE AHOLD DELHAIZE NV;OTHER;;
18808977;PFIZER INC;FIN_REP;https://www.pfizerltd.co.in/files/Pfizer-Limited_Annual-Report-2023-24.pdf;2023
18808977;PFIZER INC;OTHER;https://companiesmarketcap.com/pfizer/revenue/;2024
18808977;PFIZER INC;OTHER;https://finance.yahoo.com/quote/PFE/;2024
18808977;PFIZER INC;OTHER;https://www.google.com/finance/quote/PFE:ETR?hl=et;2024
18808977;PFIZER INC;OTHER;https://www.reuters.com/markets/companies/PFE/key-metrics/growth/;2024
18808977;PFIZER INC;OTHER;;
18812865;COCA-COLA COMPANY (THE);FIN_REP;https://www.coca-colahellenic.com/content/dam/cch/us/documents/oar2024/cchbc-iar-2024.pdf.downloadasset.pdf;2024
18812865;COCA-COLA COMPANY (THE);OTHER;https://companiesmarketcap.com/coca-cola/revenue/;2024
18812865;COCA-COLA COMPANY (THE);OTHER;https://finance.yahoo.com/quote/KO/;2024
18812865;COCA-COLA COMPANY (THE);OTHER;https://www.google.com/finance/quote/KO:NYSE;2024
18812865;COCA-COLA COMPANY (THE);OTHER;https://www.reuters.com/markets/companies/KO/;2024
18812865;COCA-COLA COMPANY (THE);OTHER;;
18813820;CATERPILLAR INC;FIN_REP;https://www.caterpillar.com/content/dam/caterpillarDotCom/releases/4q24/4q24-caterpillar-inc-financial-results.pdf;2024
18813820;CATERPILLAR INC;OTHER;https://companiesmarketcap.com/caterpillar/revenue/;2024
18813820;CATERPILLAR INC;OTHER;https://finance.yahoo.com/quote/CAT/;2024
18813820;CATERPILLAR INC;OTHER;https://www.google.com/finance/quote/CAT:NYSE;2024
18813820;CATERPILLAR INC;OTHER;https://jp.reuters.com/markets/companies/cat/;2024
18813820;CATERPILLAR INC;OTHER;;
18818179;HARTMANN;FIN_REP;https://www.hartmann-packaging.com/media/ymrnajnt/hartmann-sustainability-report-2024.pdf;2024
18818179;HARTMANN;OTHER;https://companiesmarketcap.com/paul-hartmann/revenue/;2024
18818179;HARTMANN;OTHER;https://finance.yahoo.com/quote/VBSN.SW/;2024
18818179;HARTMANN;OTHER;https://www.google.com/finance/quote/G24:ETR;2024
18818179;HARTMANN;OTHER;https://www.reuters.com/markets/companies/BICC.CI/;2024
18818179;HARTMANN;OTHER;;
18818842;IWG PLC;FIN_REP;https://investors.iwgplc.com/~/media/Files/I/IWG-IR/reports-and-presentations/2023/2022-iwg-ara.pdf;2022
18818842;IWG PLC;OTHER;https://uk.finance.yahoo.com/quote/IWG.L/;2024
18818842;IWG PLC;OTHER;https://www.reuters.com/markets/companies/IWG.L/;2024
18818842;IWG PLC;OTHER;;
18818842;IWG PLC;OTHER;;
18818842;IWG PLC;OTHER;;
18831586;SAP;FIN_REP;https://saputo.com/-/media/ecosystem/divisions/corporate-services/sites/saputo-com/saputo-com-documents/shareholder-reports/2024/annual-reports/01-24-sap_annualreport24-web_ang.pdf?revision=&rev=-1&hash=4B4CCDD534B90FCE1CD0012C82C8E203;2024
18831586;SAP;OTHER;https://companiesmarketcap.com/sap/revenue/;2024
18831586;SAP;OTHER;https://finance.yahoo.com/quote/SAP/;2024
18831586;SAP;OTHER;https://www.google.com/finance/quote/SAP:ETR;2024
18831586;SAP;OTHER;https://www.reuters.com/markets/companies/SAPG.DE;2024
18831586;SAP;OTHER;;
18839233;ORKLA ASA;FIN_REP;https://www.orkla.com/wp-content/uploads/sites/3/2025/03/Orkla-Annual-Report-2024.pdf;2024
18839233;ORKLA ASA;OTHER;https://finance.yahoo.com/quote/ORK.OL/;2024
18839233;ORKLA ASA;OTHER;https://companiesmarketcap.com/orkla/revenue/;2024
18839233;ORKLA ASA;OTHER;https://www.reuters.com/markets/companies/ORK.OL/;2024
18839233;ORKLA ASA;OTHER;;
18839233;ORKLA ASA;OTHER;;
18850720;ENEL SPA;FIN_REP;https://www.enel.com/content/dam/enel-com/documenti/investitori/informazioni-finanziarie/2024/annuali/en/enel-spa-financial-statements_2024.pdf;2024
18850720;ENEL SPA;OTHER;https://finance.yahoo.com/quote/ENEL.MI/;2024
18850720;ENEL SPA;OTHER;https://www.reuters.com/markets/companies/ENEI.MI/;2024
18850720;ENEL SPA;OTHER;https://companiesmarketcap.com/gbp/italy/largest-italian-companies-by-revenue/;2024
18850720;ENEL SPA;OTHER;https://www.google.com/finance/quote/ENEL:BIT;2024
18850720;ENEL SPA;OTHER;;
18853782;SHV HOLDINGS NV;FIN_REP;https://www.shv.nl/wp-content/uploads/2024/04/SHV-Annual-Report-2023-online.pdf;2023
18853782;SHV HOLDINGS NV;OTHER;https://companiesmarketcap.com/largest-companies-by-revenue/?download=csv;2024
18853782;SHV HOLDINGS NV;OTHER;https://finance.yahoo.com/quote/SHV/;2024
18853782;SHV HOLDINGS NV;OTHER;;
18853782;SHV HOLDINGS NV;OTHER;;
18853782;SHV HOLDINGS NV;OTHER;;
18854880;BMW;FIN_REP;https://www.bmwgroup.com/content/dam/grpw/websites/bmwgroup_com/ir/downloads/en/2025/bericht/BMW-Group-Report-2024-en.pdf;2024
18854880;BMW;OTHER;https://companiesmarketcap.com/bmw/revenue/;2024
18854880;BMW;OTHER;https://finance.yahoo.com/quote/BMW.DE/;2024
18854880;BMW;OTHER;https://www.reuters.com/markets/companies/BMWG.DE/;2024
18854880;BMW;OTHER;https://www.google.com/finance/quote/BMW:FRA?hl=zh;2024
18854880;BMW;OTHER;;
18858533;THALES;FIN_REP;https://www2.thalesgroup.com/2024/rapport-integre/files/thales-integrated-report-2023-en.pdf;2023
18858533;THALES;OTHER;https://companiesmarketcap.com/gbp/thales/revenue/;2024
18858533;THALES;OTHER;https://finance.yahoo.com/quote/HO.PA/;2024
18858533;THALES;OTHER;https://www.google.com/finance/quote/HO:EPA;2024
18858533;THALES;OTHER;https://www.reuters.com/markets/companies/TCFP.PA/;2024
18858533;THALES;OTHER;;
18860034;SIGNIFY NV;FIN_REP;https://www.signify.com/static/2024/signify-annual-report-2024.pdf;2024
18860034;SIGNIFY NV;OTHER;https://companiesmarketcap.com/signify/marketcap/;2024
18860034;SIGNIFY NV;OTHER;https://finance.yahoo.com/quote/LIGHT.AS/;2024
18860034;SIGNIFY NV;OTHER;https://www.google.com/finance/quote/LIGHT:AMS;2024
18860034;SIGNIFY NV;OTHER;https://www.reuters.com/markets/companies/LIGHT.AS/;2024
18860034;SIGNIFY NV;OTHER;;
18864084;3I GROUP PLC;FIN_REP;https://www.3i.com/media/nnrkjwke/annual_report_and_accounts_2024.pdf;2024
18864084;3I GROUP PLC;OTHER;https://companiesmarketcap.com/3i/revenue/;2024
18864084;3I GROUP PLC;OTHER;https://finance.yahoo.com/quote/III.L/;2024
18864084;3I GROUP PLC;OTHER;https://www.google.com/finance/quote/III:LON;2024
18864084;3I GROUP PLC;OTHER;https://jp.reuters.com/markets/companies/III.L;2024
18864084;3I GROUP PLC;OTHER;;
18876900;BAYER;FIN_REP;https://www.bayer.com/sites/default/files/2025-03/bayer-annual-report-2024.pdf;2024
18876900;BAYER;OTHER;https://companiesmarketcap.com/bayer/revenue/;2024
18876900;BAYER;OTHER;https://finance.yahoo.com/quote/BAYN.DE/;2024
18876900;BAYER;OTHER;https://www.google.com/finance/quote/BAYN:ETR;2024
18876900;BAYER;OTHER;https://www.reuters.com/markets/companies/BAYGn.DE/;2024
18876900;BAYER;OTHER;;
18877286;AKTIEBOLAGET ELECTROLUX;FIN_REP;https://www.electroluxgroup.com/wp-content/uploads/sites/2/2024/02/electrolux-AB-Electrolux-publishes-2023-Annual-Report-240222.pdf;2023
18877286;AKTIEBOLAGET ELECTROLUX;OTHER;https://companiesmarketcap.com/electrolux/revenue/;2024
18877286;AKTIEBOLAGET ELECTROLUX;OTHER;https://finance.yahoo.com/quote/ELUXY/;2024
18877286;AKTIEBOLAGET ELECTROLUX;OTHER;https://www.google.com/finance/quote/ALFA:STO;2024
18877286;AKTIEBOLAGET ELECTROLUX;OTHER;;
18877286;AKTIEBOLAGET ELECTROLUX;OTHER;;
18886469;VEOLIA ENVIRONNEMENT;FIN_REP;https://www.veolia.com/sites/g/files/dvc4206/files/document/2024/04/integrated-report-2023-2024-veolia.pdf;2023
18886469;VEOLIA ENVIRONNEMENT;OTHER;https://finance.yahoo.com/quote/VIE.PA/;2024
18886469;VEOLIA ENVIRONNEMENT;OTHER;https://www.google.com/finance/quote/VIE:EPA;2024
18886469;VEOLIA ENVIRONNEMENT;OTHER;https://www.reuters.com/markets/companies/VIE.PA;2024
18886469;VEOLIA ENVIRONNEMENT;OTHER;https://companiesmarketcap.com/waste-recycling/most-profitable-waste-and-recycling-companies/;2024
18886469;VEOLIA ENVIRONNEMENT;OTHER;;
18898974;TUI;FIN_REP;https://ircenter.handelsblatt.com/download/companies/preussag/Annual%20Reports/DE000TUAG505-JA-2023-EQ-E-00.pdf;2024
18898974;TUI;OTHER;https://companiesmarketcap.com/tui/revenue/;2024
18898974;TUI;OTHER;https://finance.yahoo.com/quote/TUIFF/key-statistics/;2024
18898974;TUI;OTHER;https://www.google.com/finance/quote/TUI1:ETR;2024
18898974;TUI;OTHER;https://www.reuters.com/markets/companies/TUI1n.DE;2024
18898974;TUI;OTHER;;
18901386;ASSA ABLOY AB;FIN_REP;https://www.assaabloy.com/group/en/documents/investors/annual-reports/2024/Annual%20Report%202024.pdf;2024
18901386;ASSA ABLOY AB;OTHER;https://companiesmarketcap.com/assa-abloy/revenue/;2024
18901386;ASSA ABLOY AB;OTHER;https://finance.yahoo.com/quote/ASAZY/;2024
18901386;ASSA ABLOY AB;OTHER;https://www.google.com/finance/quote/ASSA-B:STO;2024
18901386;ASSA ABLOY AB;OTHER;https://www.reuters.com/markets/companies/ASSAb.ST/;2024
18901386;ASSA ABLOY AB;OTHER;;
18908258;RANDSTAD NV;FIN_REP;https://www.randstad.com/s3fs-media/rscom/public/2025-02/Randstad_Annual_Report_2024_0.pdf?VersionId=Bv1eXfZPoZ64ddDZTJWm6THty81RB0EM;2024
18908258;RANDSTAD NV;OTHER;https://companiesmarketcap.com/randstad/revenue/;2024
18908258;RANDSTAD NV;OTHER;https://finance.yahoo.com/quote/RAND.AS/;2024
18908258;RANDSTAD NV;OTHER;https://www.google.com/finance/quote/RAND:AMS;2024
18908258;RANDSTAD NV;OTHER;https://www.reuters.com/markets/companies/RAND.AS/;2024
18908258;RANDSTAD NV;OTHER;;
18918108;NV BEKAERT SA;FIN_REP;https://www.bekaert.com/content/dam/corporate/en/annual-report/2024/en/Bekaert%20Annual%20Report%202024%20Document.pdf;2024
18918108;NV BEKAERT SA;OTHER;https://companiesmarketcap.com/nv-bekaert/revenue/;2024
18918108;NV BEKAERT SA;OTHER;https://finance.yahoo.com/quote/BEKB.BR/;2024
18918108;NV BEKAERT SA;OTHER;https://www.reuters.com/markets/companies/BEKB.BR;2024
18918108;NV BEKAERT SA;OTHER;https://www.google.com/finance/quote/GIMB:EBR;2024
18918108;NV BEKAERT SA;OTHER;;
18919705;MANPOWERGROUP INC.;FIN_REP;https://investor.manpowergroup.com/static-files/b0756cfd-cb6f-4c0f-8a5a-742932e20a44;2024
18919705;MANPOWERGROUP INC.;OTHER;https://www.reuters.com/markets/companies/MAN.N;2024
18919705;MANPOWERGROUP INC.;OTHER;https://finance.yahoo.com/quote/MAN/financials/;2024
18919705;MANPOWERGROUP INC.;OTHER;https://companiesmarketcap.com/robert-half/revenue/;2024
18919705;MANPOWERGROUP INC.;OTHER;https://www.google.com/finance/quote/KFY:NYSE;2024
18919705;MANPOWERGROUP INC.;OTHER;;
18928008;PARAMOUNT GLOBAL;FIN_REP;https://ir.paramount.com/static-files/b7ec193e-39b1-4871-9150-50df2eeb85fd;2024
18928008;PARAMOUNT GLOBAL;OTHER;https://companiesmarketcap.com/paramount/revenue/;2024
18928008;PARAMOUNT GLOBAL;OTHER;https://finance.yahoo.com/quote/PARA/;2024
18928008;PARAMOUNT GLOBAL;OTHER;https://www.reuters.com/markets/companies/para.oq;2024
18928008;PARAMOUNT GLOBAL;OTHER;https://www.google.com/finance/quote/PARA:NASDAQ;2024
18928008;PARAMOUNT GLOBAL;OTHER;;
18930611;GLENCORE PLC;FIN_REP;https://www.glencore.com/.rest/api/v1/documents/static/7a4295e4-3674-45e9-94c4-7d7fb285faff/GLEN-2024-Annual-Report.pdf;2024
18930611;GLENCORE PLC;OTHER;https://companiesmarketcap.com/glencore/revenue/;2024
18930611;GLENCORE PLC;OTHER;https://finance.yahoo.com/quote/GLNCY/;2024
18930611;GLENCORE PLC;OTHER;https://www.google.com/finance/quote/GLEN:LON;2024
18930611;GLENCORE PLC;OTHER;https://www.reuters.com/markets/companies/glen.l;2024
18930611;GLENCORE PLC;OTHER;;
18931004;DEUTSCHE LUFTHANSA;FIN_REP;https://investor-relations.lufthansagroup.com/fileadmin/downloads/en/financial-reports/annual-reports/LH-AR-2024-e.pdf;2024
18931004;DEUTSCHE LUFTHANSA;OTHER;https://finance.yahoo.com/quote/LHA.DE/;2024
18931004;DEUTSCHE LUFTHANSA;OTHER;https://www.google.com/finance/quote/LHA:ETR;2024
18931004;DEUTSCHE LUFTHANSA;OTHER;https://jp.reuters.com/markets/companies/LHAG.DE;2024
18931004;DEUTSCHE LUFTHANSA;OTHER;https://companiesmarketcap.com/germany/largest-german-companies-by-revenue/;2024
18931004;DEUTSCHE LUFTHANSA;OTHER;;
18935271;TELEFONAKTIEBOLAGET LM ERICSSON;FIN_REP;https://www.volvogroup.com/content/dam/volvo-group/markets/master/investors/corporate-governance/corporate-governance-report-2024.pdf;2024
18935271;TELEFONAKTIEBOLAGET LM ERICSSON;OTHER;https://finance.yahoo.com/quote/ERIC/;2024
18935271;TELEFONAKTIEBOLAGET LM ERICSSON;OTHER;https://www.google.com/finance/quote/ERIC:NASDAQ;2024
18935271;TELEFONAKTIEBOLAGET LM ERICSSON;OTHER;https://www.reuters.com/markets/companies/ERICb.ST/;2024
18935271;TELEFONAKTIEBOLAGET LM ERICSSON;OTHER;https://companiesmarketcap.com/inr/ericsson/revenue/;2024
18935271;TELEFONAKTIEBOLAGET LM ERICSSON;OTHER;;
18940840;ABB LTD;FIN_REP;https://new.abb.com/docs/librariesprovider19/default-document-library/annual-report-20239dbb11f4c1f463c09537ff0000433538.pdf;2023
18940840;ABB LTD;OTHER;https://companiesmarketcap.com/abb/revenue/;2024
18940840;ABB LTD;OTHER;https://finance.yahoo.com/quote/ABBN.SW/;2024
18940840;ABB LTD;OTHER;https://www.google.com/finance/quote/ABBN:SWX;2024
18940840;ABB LTD;OTHER;https://www.reuters.com/markets/companies/ABBN.S/;2024
18940840;ABB LTD;OTHER;;
18942704;HP INC.;FIN_REP;https://www.hp.com/content/dam/sites/garage-press/press/press-releases/2024/q4-fy24-earnings/Press%20Release%202024%20Q4_Final.pdf;2024
18942704;HP INC.;OTHER;https://companiesmarketcap.com/hp/revenue/;2024
18942704;HP INC.;OTHER;https://finance.yahoo.com/quote/HPQ/;2024
18942704;HP INC.;OTHER;https://www.google.com/finance/quote/HP:NYSE;2024
18942704;HP INC.;OTHER;https://www.reuters.com/markets/companies/HPQ.N/;2024
18942704;HP INC.;OTHER;;
18947387;CAPGEMINI;FIN_REP;https://www.capgemini.com/in-en/wp-content/uploads/sites/18/2024/08/Annual-Report-2023-24.pdf;2024
18947387;CAPGEMINI;OTHER;https://companiesmarketcap.com/inr/capgemini/revenue/;2024
18947387;CAPGEMINI;OTHER;https://finance.yahoo.com/quote/CGEMY/;2024
18947387;CAPGEMINI;OTHER;https://www.google.com/finance/quote/CAP:EPA;2024
18947387;CAPGEMINI;OTHER;https://www.reuters.com/markets/companies/CAPP.PA/;2024
18947387;CAPGEMINI;OTHER;;
18953431;MERCK GROUP;FIN_REP;https://www.merckgroup.com/en/annualreport/2024/_assets/downloads/entire-merck-ar24.pdf;2024
18953431;MERCK GROUP;OTHER;https://companiesmarketcap.com/merck-kgaa/revenue/;2024
18953431;MERCK GROUP;OTHER;https://nz.finance.yahoo.com/quote/MRK.DE/;2024
18953431;MERCK GROUP;OTHER;https://www.google.com/finance/quote/MRK:ETR;2024
18953431;MERCK GROUP;OTHER;https://www.reuters.com/markets/companies/MRCG.DE/;2024
18953431;MERCK GROUP;OTHER;;
18953450;BPOST;FIN_REP;https://bpostgroup.com/sites/default/files/2024-03/Annualreport2023_feb24_ENG_0.pdf;2023
18953450;BPOST;OTHER;https://finance.yahoo.com/quote/BPOST.BR/key-statistics/;2024
18953450;BPOST;OTHER;https://www.reuters.com/markets/companies/BPOST.BR/;2024
18953450;BPOST;OTHER;https://companiesmarketcap.com/bpost/pe-ratio/;2024
18953450;BPOST;OTHER;https://www.google.com/finance/quote/BRK.B:NYSE;2024
18953450;BPOST;OTHER;;
18957222;SYNLAB;FIN_REP;https://www.synlab.com/fileadmin/Q4_23/20240322_Synlab_AR23_EN_PW.pdf;2023
18957222;SYNLAB;OTHER;https://finance.yahoo.com/quote/SYAB.HM/;2024
18957222;SYNLAB;OTHER;https://companiesmarketcap.com/eur/synlab/revenue/;2024
18957222;SYNLAB;OTHER;https://www.google.com/finance/quote/VLA:VIE?hl=de;2024
18957222;SYNLAB;OTHER;https://www.reuters.com/markets/companies/SYAB.DE;2024
18957222;SYNLAB;OTHER;;
18959709;L AIR LIQUIDE;FIN_REP;https://www.airliquide.com/sites/airliquide.com/files/2025-03/2024-integrated-annual-report.pdf;2024
18959709;L AIR LIQUIDE;OTHER;https://finance.yahoo.com/quote/AI.PA/;2024
18959709;L AIR LIQUIDE;OTHER;https://www.reuters.com/markets/companies/AIQUF.PK/key-metrics/price-and-volume;2024
18959709;L AIR LIQUIDE;OTHER;https://companiesmarketcap.com/air-liquide/marketcap/;2024
18959709;L AIR LIQUIDE;OTHER;https://www.google.com/finance/quote/AI:EPA;2024
18959709;L AIR LIQUIDE;OTHER;;
18959832;MOEVE;FIN_REP;https://www.moeveglobal.com/stfls/corporativo/FICHEROS/moeve-integrated-management-report-2024.pdf;2024
18959832;MOEVE;OTHER;https://es.finance.yahoo.com/quote/MOVE/;2024
18959832;MOEVE;OTHER;https://www.reuters.com/markets/companies/REP.MC;2024
18959832;MOEVE;OTHER;;
18959832;MOEVE;OTHER;;
18959832;MOEVE;OTHER;;
18967691;GOODYEAR TIRE & RUBBER CO;FIN_REP;https://corporate.goodyear.com/content/dam/goodyear-corp/documents/annualreports/2024-annual-report.pdf;2024
18967691;GOODYEAR TIRE & RUBBER CO;OTHER;https://finance.yahoo.com/quote/GT/;2024
18967691;GOODYEAR TIRE & RUBBER CO;OTHER;https://www.google.com/finance/quote/GT:NASDAQ;2024
18967691;GOODYEAR TIRE & RUBBER CO;OTHER;https://jp.reuters.com/markets/companies/GT.BE/financials/income-annual;2024
18967691;GOODYEAR TIRE & RUBBER CO;OTHER;https://companiesmarketcap.com/goodyear/revenue/;2024
18967691;GOODYEAR TIRE & RUBBER CO;OTHER;;
18970979;BROOKFIELD CORPORATION;FIN_REP;https://bn.brookfield.com/sites/brookfield-bn/files/BN-IR-Master/Annual-Reports/2024/2024%20-%20Updated/2024_BN_Annual_Report_vF.pdf;2024
18970979;BROOKFIELD CORPORATION;OTHER;https://companiesmarketcap.com/brookfield-corporation/revenue/;2024
18970979;BROOKFIELD CORPORATION;OTHER;https://finance.yahoo.com/quote/BN/;2024
18970979;BROOKFIELD CORPORATION;OTHER;https://www.google.com/finance/quote/BAM:TSE;2024
18970979;BROOKFIELD CORPORATION;OTHER;https://www.reuters.com/markets/companies/BIPC.N/profile/;2024
18970979;BROOKFIELD CORPORATION;OTHER;;
18974095;UMICORE;FIN_REP;https://www.umicore.com/files/secure-documents/f80f2918-ed1f-4461-9f59-d6ef5aa9f7a5.pdf;2024
18974095;UMICORE;OTHER;https://companiesmarketcap.com/eur/umicore/revenue/;2024
18974095;UMICORE;OTHER;https://finance.yahoo.com/quote/UMI.BR/key-statistics/;2024
18974095;UMICORE;OTHER;https://jp.reuters.com/markets/companies/UMI.BR;2024
18974095;UMICORE;OTHER;https://www.google.com/finance/quote/MELE:EBR;2024
18974095;UMICORE;OTHER;;
18976475;KONE;FIN_REP;https://www.kone.com/en/Images/KONE_Annual%20Review_2024_tcm17-134328.pdf;2024
18976475;KONE;OTHER;https://companiesmarketcap.com/kone/revenue/;2024
18976475;KONE;OTHER;https://finance.yahoo.com/quote/KNEBV.HE/history/;2024
18976475;KONE;OTHER;https://www.reuters.com/markets/companies/KNEBV.HE/;2024
18976475;KONE;OTHER;https://www.google.com/finance/quote/KCR:HEL;2024
18976475;KONE;OTHER;;
18980415;MICROSOFT CORPORATION;FIN_REP;https://cdn-dynmedia-1.microsoft.com/is/content/microsoftcorp/microsoft/msc/documents/presentations/CSR/Microsoft-2024-Environmental-Sustainability-Report.pdf;2024
18980415;MICROSOFT CORPORATION;OTHER;https://companiesmarketcap.com/microsoft/revenue/;2024
18980415;MICROSOFT CORPORATION;OTHER;https://finance.yahoo.com/quote/MSFT/;2024
18980415;MICROSOFT CORPORATION;OTHER;https://www.google.com/finance/quote/MSF:ETR;2024
18980415;MICROSOFT CORPORATION;OTHER;https://www.reuters.com/markets/companies/MSFT.O/key-metrics;2024
18980415;MICROSOFT CORPORATION;OTHER;;
18981199;GSK PLC;FIN_REP;https://www.gsk.com/media/11850/annual-report-2024.pdf;2024
18981199;GSK PLC;OTHER;https://finance.yahoo.com/quote/GSK/;2024
18981199;GSK PLC;OTHER;https://www.reuters.com/markets/companies/GSK.L/;2024
18981199;GSK PLC;OTHER;https://companiesmarketcap.com/glaxo-smith-kline/stock-splits/;2024
18981199;GSK PLC;OTHER;https://www.google.com/finance/quote/GSK:NYSE;2024
18981199;GSK PLC;OTHER;;
18984365;NOKIA;FIN_REP;https://www.nokia.com/system/files/2025-03/nokia-annual-report-2024_1.pdf;2024
18984365;NOKIA;OTHER;https://companiesmarketcap.com/nokia/revenue/;2024
18984365;NOKIA;OTHER;https://finance.yahoo.com/quote/NOK/;2024
18984365;NOKIA;OTHER;https://jp.reuters.com/markets/companies/nokia.he/all-listings;2024
18984365;NOKIA;OTHER;https://www.google.com/finance/quote/NOKIA:HEL;2024
18984365;NOKIA;OTHER;;
18984744;MONDELEZ INTERNATIONAL INC.;FIN_REP;https://ir.mondelezinternational.com/static-files/e5f143c0-7dca-48c1-b66a-9d7a19c54c03;2024
18984744;MONDELEZ INTERNATIONAL INC.;OTHER;https://companiesmarketcap.com/mondelez/marketcap/;2024
18984744;MONDELEZ INTERNATIONAL INC.;OTHER;https://finance.yahoo.com/quote/MDLZ/;2024
18984744;MONDELEZ INTERNATIONAL INC.;OTHER;https://www.google.com/finance/quote/MDLZ:NASDAQ;2024
18984744;MONDELEZ INTERNATIONAL INC.;OTHER;https://www.reuters.com/markets/companies/MDLZ.OQ/;2024
18984744;MONDELEZ INTERNATIONAL INC.;OTHER;;
18986164;TELEFONICA;FIN_REP;https://www.telefonica.com/en/wp-content/uploads/sites/5/2024/02/Consolidated-Annual-Accounts-2023.pdf;2023
18986164;TELEFONICA;OTHER;https://companiesmarketcap.com/telefonica/revenue/;2024
18986164;TELEFONICA;OTHER;https://finance.yahoo.com/quote/TEF/;2024
18986164;TELEFONICA;OTHER;https://www.google.com/finance/quote/TEF:BME;2024
18986164;TELEFONICA;OTHER;https://www.reuters.com/markets/companies/TEF.MC/;2024
18986164;TELEFONICA;OTHER;;
18987927;ENI S P A;FIN_REP;https://www.eni.com/content/dam/enicom/documents/eng/reports/2024/ar-2024/Annual-Report-2024.pdf;2024
18987927;ENI S P A;OTHER;https://finance.yahoo.com/quote/E/;2024
18987927;ENI S P A;OTHER;https://companiesmarketcap.com/inr/eni/revenue/;2024
18987927;ENI S P A;OTHER;https://www.google.com/finance/quote/ENI:BIT;2024
18987927;ENI S P A;OTHER;https://www.reuters.com/markets/companies/ENI.MI/;2024
18987927;ENI S P A;OTHER;;
18988574;ARCELORMITTAL;FIN_REP;https://corporate.arcelormittal.com/media/upipeqnl/annual-report-2023.pdf;2023
18988574;ARCELORMITTAL;OTHER;https://companiesmarketcap.com/arcelor-mittal/revenue/;2024
18988574;ARCELORMITTAL;OTHER;https://finance.yahoo.com/quote/MT/;2024
18988574;ARCELORMITTAL;OTHER;https://www.google.com/finance/quote/MT:AMS;2024
18988574;ARCELORMITTAL;OTHER;https://jp.reuters.com/markets/companies/mt/;2024
18988574;ARCELORMITTAL;OTHER;;
18990015;HEIDELBERGCEMENT;FIN_REP;https://www.heidelbergmaterials.com/sites/default/files/2024-03/HM_ASR_2023.pdf;2023
18990015;HEIDELBERGCEMENT;OTHER;https://companiesmarketcap.com/heidelbergcement-india/revenue/;2024
18990015;HEIDELBERGCEMENT;OTHER;https://uk.finance.yahoo.com/quote/HEI.DE/;2024
18990015;HEIDELBERGCEMENT;OTHER;https://www.google.com/finance/quote/HEI:ETR;2024
18990015;HEIDELBERGCEMENT;OTHER;https://www.reuters.com/markets/companies/HEIG.DE/;2024
18990015;HEIDELBERGCEMENT;OTHER;;
18990928;INTERNATIONAL BUSINESS MACHINES CORP(IBM);FIN_REP;https://www.sec.gov/Archives/edgar/data/1867072/000110465924070890/tm2411294d3_ars.pdf;2024
18990928;INTERNATIONAL BUSINESS MACHINES CORP(IBM);OTHER;https://companiesmarketcap.com/ibm/revenue/;2024
18990928;INTERNATIONAL BUSINESS MACHINES CORP(IBM);OTHER;https://finance.yahoo.com/quote/IBM/;2024
18990928;INTERNATIONAL BUSINESS MACHINES CORP(IBM);OTHER;https://www.google.com/finance/quote/IBM:NYSE;2024
18990928;INTERNATIONAL BUSINESS MACHINES CORP(IBM);OTHER;https://www.reuters.com/markets/companies/IBM.N/;2024
18990928;INTERNATIONAL BUSINESS MACHINES CORP(IBM);OTHER;;
18997891;MEDTRONIC PLC;FIN_REP;https://docs.publicnow.com/viewDoc.aspx?filename=42915\EXT\191D9F481FD1C29A62F716F36D88E0521C99B12D_E993428DDA3637AF4453EF0345522E7010F68521.PDF;2024
18997891;MEDTRONIC PLC;OTHER;https://companiesmarketcap.com/medtronic/revenue/;2024
18997891;MEDTRONIC PLC;OTHER;https://finance.yahoo.com/quote/MDT/;2024
18997891;MEDTRONIC PLC;OTHER;https://www.google.com/finance/quote/MDT:NYSE;2024
18997891;MEDTRONIC PLC;OTHER;https://www.reuters.com/markets/companies/MDT.N/key-metrics/growth;2024
18997891;MEDTRONIC PLC;OTHER;;
19004631;NESTLE S.A.;FIN_REP;https://www.nestle.com/sites/default/files/2025-02/annual-review-2024-en.pdf;2024
19004631;NESTLE S.A.;OTHER;https://finance.yahoo.com/quote/NESN.SW/;2024
19004631;NESTLE S.A.;OTHER;https://companiesmarketcap.com/nestle/revenue/;2024
19004631;NESTLE S.A.;OTHER;https://www.google.com/finance/quote/NESN:SWX;2024
19004631;NESTLE S.A.;OTHER;https://www.reuters.com/markets/companies/NESN.S;2024
19004631;NESTLE S.A.;OTHER;;
19011564;SODIM;FIN_REP;https://corporate.arcelormittal.com/media/upipeqnl/annual-report-2023.pdf;2023
19011564;SODIM;OTHER;;
19011564;SODIM;OTHER;;
19011564;SODIM;OTHER;;
19011564;SODIM;OTHER;;
19011564;SODIM;OTHER;;
19013259;META PLATFORMS INC.;FIN_REP;https://s21.q4cdn.com/399680738/files/doc_financials/2023/q4/Meta-12-31-2023-Exhibit-99-1-FINAL.pdf;2023
19013259;META PLATFORMS INC.;OTHER;https://companiesmarketcap.com/meta-platforms/revenue/;2024
19013259;META PLATFORMS INC.;OTHER;https://finance.yahoo.com/quote/META/;2024
19013259;META PLATFORMS INC.;OTHER;https://www.google.com/finance/quote/META:NASDAQ;2024
19013259;META PLATFORMS INC.;OTHER;https://www.reuters.com/markets/companies/META.O/key-metrics/growth;2024
19013259;META PLATFORMS INC.;OTHER;;
19017221;NOVOMATIC GROUP;FIN_REP;https://www.novomatic.com/sites/default/files/2025-04/NOVOMATIC_Company_Report_2024_EN.pdf;2024
19017221;NOVOMATIC GROUP;OTHER;https://finance.yahoo.com/quote/NVO/;2024
19017221;NOVOMATIC GROUP;OTHER;https://www.google.com/finance/quote/NVO:NYSE;2024
19017221;NOVOMATIC GROUP;OTHER;https://www.reuters.com/markets/companies/NOVOb.CO;2024
19017221;NOVOMATIC GROUP;OTHER;;
19017221;NOVOMATIC GROUP;OTHER;;
19019578;HUSQVARNA AB;FIN_REP;https://www.husqvarnagroup.com/sites/husqvarna/files/2024-03/Husqvarna_Annual_and_Sustainability_Report_2023.pdf;2023
19019578;HUSQVARNA AB;OTHER;https://companiesmarketcap.com/husqvarna/revenue/;2024
19019578;HUSQVARNA AB;OTHER;https://finance.yahoo.com/quote/HUSQ-B.ST/;2024
19019578;HUSQVARNA AB;OTHER;https://www.reuters.com/markets/companies/HUSQb.ST/;2024
19019578;HUSQVARNA AB;OTHER;https://www.google.com/finance/quote/VOLCAR-B:STO;2024
19019578;HUSQVARNA AB;OTHER;;
19031780;WALT DISNEY COMPANY (THE);FIN_REP;https://thewaltdisneycompany.com/app/uploads/2025/01/2024-Annual-Report.pdf;2024
19031780;WALT DISNEY COMPANY (THE);OTHER;https://companiesmarketcap.com/walt-disney/revenue/;2024
19031780;WALT DISNEY COMPANY (THE);OTHER;https://finance.yahoo.com/quote/DIS/;2024
19031780;WALT DISNEY COMPANY (THE);OTHER;https://www.google.com/finance/quote/DIS:NYSE;2024
19031780;WALT DISNEY COMPANY (THE);OTHER;https://www.reuters.com/markets/companies/DIS.N;2024
19031780;WALT DISNEY COMPANY (THE);OTHER;;
19032544;RETHMANN;FIN_REP;https://www.unepfi.org/wordpress/wp-content/uploads/2024/06/VHV-Annual-Report_2023.pdf;2023
19032544;RETHMANN;OTHER;https://ca.finance.yahoo.com/quote/RET-A.V/;2024
19032544;RETHMANN;OTHER;;
19032544;RETHMANN;OTHER;;
19032544;RETHMANN;OTHER;;
19032544;RETHMANN;OTHER;;
19032847;MITSUI & CO LTD;FIN_REP;https://www.mitsui.com/jp/en/ir/library/securities/__icsFiles/afieldfile/2024/06/19/en_105yuho.pdf;2024
19032847;MITSUI & CO LTD;OTHER;https://companiesmarketcap.com/inr/mitsui-fudosan/revenue/;2024
19032847;MITSUI & CO LTD;OTHER;https://finance.yahoo.com/quote/8031.T/;2024
19032847;MITSUI & CO LTD;OTHER;https://www.reuters.com/markets/companies/8031.t;2024
19032847;MITSUI & CO LTD;OTHER;https://www.google.com/finance/quote/8316:TYO;2024
19032847;MITSUI & CO LTD;OTHER;;
19037620;JBS S.A.;FIN_REP;https://jbsesg.com/docs/JBS_2023_US_Sust_Executive_Summary.pdf;2023
19037620;JBS S.A.;OTHER;https://finance.yahoo.com/quote/JBSAY/;2024
19037620;JBS S.A.;OTHER;https://companiesmarketcap.com/jbs/revenue/;2024
19037620;JBS S.A.;OTHER;https://www.google.com/finance/quote/JBSS3:BVMF;2024
19037620;JBS S.A.;OTHER;https://www.reuters.com/markets/companies/JBSS3.SA/;2024
19037620;JBS S.A.;OTHER;;
19037648;H & M HENNES & MAURITZ;FIN_REP;https://hmgroup.com/wp-content/uploads/2025/01/H-M-Hennes-Mauritz-AB-Full-year-report-2024.pdf;2024
19037648;H & M HENNES & MAURITZ;OTHER;https://finance.yahoo.com/quote/HM-B.ST/;2024
19037648;H & M HENNES & MAURITZ;OTHER;https://jp.reuters.com/markets/companies/HMb.ST;2024
19037648;H & M HENNES & MAURITZ;OTHER;https://companiesmarketcap.com/h-m/revenue/;2024
19037648;H & M HENNES & MAURITZ;OTHER;https://www.google.com/finance/quote/FABG:STO;2024
19037648;H & M HENNES & MAURITZ;OTHER;;
19041196;MERCEDES-BENZ GROUP;FIN_REP;https://group.mercedes-benz.com/documents/investors/reports/annual-report/mercedes-benz/mercedes-benz-annual-report-2024-incl-combined-management-report-mbg-ag.pdf;2024
19041196;MERCEDES-BENZ GROUP;OTHER;https://companiesmarketcap.com/mercedes-benz-group/revenue/;2024
19041196;MERCEDES-BENZ GROUP;OTHER;https://finance.yahoo.com/quote/MBGYY/;2024
19041196;MERCEDES-BENZ GROUP;OTHER;https://www.reuters.com/markets/companies/mbgn.de/;2024
19041196;MERCEDES-BENZ GROUP;OTHER;https://www.google.com/finance/quote/MBG:ETR;2024
19041196;MERCEDES-BENZ GROUP;OTHER;;
19041914;PEPSICO INC;FIN_REP;https://www.pepsico.com/docs/default-source/annual-reports/2024-pepsico-annual-report.pdf?sfvrsn=4184de56_3;2024
19041914;PEPSICO INC;OTHER;https://finance.yahoo.com/quote/PEP/;2024
19041914;PEPSICO INC;OTHER;https://www.google.com/finance/quote/PEP:NASDAQ;2024
19041914;PEPSICO INC;OTHER;https://companiesmarketcap.com/pepsico/earnings/;2024
19041914;PEPSICO INC;OTHER;https://jp.reuters.com/markets/companies/PEP.O;2024
19041914;PEPSICO INC;OTHER;;
19042061;COMPASS GROUP PLC;FIN_REP;https://www.compass-group.com/content/dam/compass-group/corporate/oar-2024/annual-report-2024.pdf;2024
19042061;COMPASS GROUP PLC;OTHER;https://companiesmarketcap.com/eur/compass-group/revenue/;2024
19042061;COMPASS GROUP PLC;OTHER;https://uk.finance.yahoo.com/quote/CPG.L/;2024
19042061;COMPASS GROUP PLC;OTHER;https://jp.reuters.com/markets/companies/CPG.L;2024
19042061;COMPASS GROUP PLC;OTHER;https://www.google.com/finance/quote/EXPN:LON;2024
19042061;COMPASS GROUP PLC;OTHER;;
19044103;ATOS SE;FIN_REP;https://atos.net/wp-content/uploads/2025/03/PR-Atos-FY-2024-results.pdf;2024
19044103;ATOS SE;OTHER;https://finance.yahoo.com/quote/ATO.PA/;2024
19044103;ATOS SE;OTHER;https://www.google.com/finance/quote/ATO:EPA;2024
19044103;ATOS SE;OTHER;https://www.reuters.com/markets/companies/AEXYD.PK;2024
19044103;ATOS SE;OTHER;https://companiesmarketcap.com/atos/revenue/;2024
19044103;ATOS SE;OTHER;;
19044732;VOLKSWAGEN;FIN_REP;https://www.volkswagen-group.com/en/publications/more/fitch-volkswagen-ag-press-release-08-14-2024-2763/download?disposition=attachment;2024
19044732;VOLKSWAGEN;OTHER;https://companiesmarketcap.com/volkswagen/revenue/;2024
19044732;VOLKSWAGEN;OTHER;https://finance.yahoo.com/quote/VOW3.DE/;2024
19044732;VOLKSWAGEN;OTHER;https://www.google.com/finance/quote/VOW:ETR;2024
19044732;VOLKSWAGEN;OTHER;https://www.reuters.com/markets/companies/VOWG.DE;2024
19044732;VOLKSWAGEN;OTHER;;
19045186;TOYOTA MOTOR CORPORATION;FIN_REP;https://www.toyota-boshoku.com/global/news/_assets/upload/AnnualFinancialReport2024.pdf;2024
19045186;TOYOTA MOTOR CORPORATION;OTHER;https://finance.yahoo.com/quote/TM/;2024
19045186;TOYOTA MOTOR CORPORATION;OTHER;https://www.google.com/finance/quote/7203:TYO;2024
19045186;TOYOTA MOTOR CORPORATION;OTHER;https://www.reuters.com/markets/companies/7203.T/financials;2024
19045186;TOYOTA MOTOR CORPORATION;OTHER;https://companiesmarketcap.com/toyota/revenue/;2024
19045186;TOYOTA MOTOR CORPORATION;OTHER;;
19050011;DEUTSCHE TELEKOM;FIN_REP;https://telekom.com/resource/blob/1085970/9e25d438580a5e3f39521fd94ed5e48c/dt-24-annual-report-data.pdf;2024
19050011;DEUTSCHE TELEKOM;OTHER;https://companiesmarketcap.com/deutsche-telekom/revenue/;2024
19050011;DEUTSCHE TELEKOM;OTHER;https://finance.yahoo.com/quote/DTE.DE/;2024
19050011;DEUTSCHE TELEKOM;OTHER;https://www.google.com/finance/quote/DTE:ETR;2024
19050011;DEUTSCHE TELEKOM;OTHER;https://jp.reuters.com/markets/companies/DTEGn.DE;2024
19050011;DEUTSCHE TELEKOM;OTHER;;
19050406;ITOCHU CORPORATION;FIN_REP;https://www.itochu.co.jp/en/files/FIR2024E.pdf;2024
19050406;ITOCHU CORPORATION;OTHER;https://companiesmarketcap.com/itochu-techno-solutions/revenue/;2024
19050406;ITOCHU CORPORATION;OTHER;https://finance.yahoo.com/quote/ITOCY/;2024
19050406;ITOCHU CORPORATION;OTHER;https://www.google.com/finance/quote/8001:TYO;2024
19050406;ITOCHU CORPORATION;OTHER;https://www.reuters.com/markets/companies/8133.T/;2024
19050406;ITOCHU CORPORATION;OTHER;;
19052995;ALSTOM;FIN_REP;https://www.alstom.com/sites/alstom.com/files/2024/05/07/20240508_Alstom_FY_%202023_24_Annual_Results_Management_Report_EN.pdf;2024
19052995;ALSTOM;OTHER;https://finance.yahoo.com/quote/ALO.PA/;2024
19052995;ALSTOM;OTHER;https://www.google.com/finance/quote/ALO:EPA;2024
19052995;ALSTOM;OTHER;https://www.reuters.com/markets/companies/also.pa;2024
19052995;ALSTOM;OTHER;https://companiesmarketcap.com/alstom/pe-ratio/;2024
19052995;ALSTOM;OTHER;;
19053695;DANONE;FIN_REP;https://www.danone.com/content/dam/corp/global/danonecom/investors/en-all-publications/2025/registrationdocuments/urd2024accessibleversion.pdf;2024
19053695;DANONE;OTHER;https://finance.yahoo.com/quote/BN.PA/;2024
19053695;DANONE;OTHER;https://www.google.com/finance/quote/BN:EPA;2024
19053695;DANONE;OTHER;https://companiesmarketcap.com/eur/danone/revenue/;2024
19053695;DANONE;OTHER;https://www.reuters.com/markets/companies/DANO.PA/;2024
19053695;DANONE;OTHER;;
19057037;THERMO FISHER SCIENTIFIC INC.;FIN_REP;https://corporate.thermofisher.com/content/dam/tfcorpsite/documents/corporate-social-responsibility/annual-reports/2023-CSR-Report.pdf;2023
19057037;THERMO FISHER SCIENTIFIC INC.;OTHER;https://companiesmarketcap.com/thermo-fisher-scientific/revenue/;2024
19057037;THERMO FISHER SCIENTIFIC INC.;OTHER;https://finance.yahoo.com/quote/TMO/;2024
19057037;THERMO FISHER SCIENTIFIC INC.;OTHER;https://www.google.com/finance/quote/TMO:NYSE;2024
19057037;THERMO FISHER SCIENTIFIC INC.;OTHER;https://www.reuters.com/markets/companies/TMO.N;2024
19057037;THERMO FISHER SCIENTIFIC INC.;OTHER;;
19060705;NIPPON TELEGRAPH AND TELEPHONE CORPORATION;FIN_REP;https://www.nttdata.com/global/en/-/media/nttdataglobal/1_files/investors/integrated-report/fy2024_ar_b.pdf?rev=dcabd34fc33b471f91804421fcdb7f17;2024
19060705;NIPPON TELEGRAPH AND TELEPHONE CORPORATION;OTHER;https://finance.yahoo.com/quote/NTTYY/;2024
19060705;NIPPON TELEGRAPH AND TELEPHONE CORPORATION;OTHER;https://www.google.com/finance/quote/9432:TYO;2024
19060705;NIPPON TELEGRAPH AND TELEPHONE CORPORATION;OTHER;https://companiesmarketcap.com/nippon-telegraph-and-telephone/revenue/;2024
19060705;NIPPON TELEGRAPH AND TELEPHONE CORPORATION;OTHER;https://www.reuters.com/markets/companies/9432.T/;2024
19060705;NIPPON TELEGRAPH AND TELEPHONE CORPORATION;OTHER;;
19061929;ZHEJIANG GEELY HOLDING GROUP CO LTD;FIN_REP;https://zgh.com/wp-content/uploads/Geely-Holding-Group-Sustainability-Report-2023-EN.pdf;2023
19061929;ZHEJIANG GEELY HOLDING GROUP CO LTD;OTHER;https://companiesmarketcap.com/largest-companies-by-revenue/?download=csv;2024
19061929;ZHEJIANG GEELY HOLDING GROUP CO LTD;OTHER;https://finance.yahoo.com/quote/GELYF/;2024
19061929;ZHEJIANG GEELY HOLDING GROUP CO LTD;OTHER;https://www.google.com/finance/quote/0305:HKG?hl=th;2024
19061929;ZHEJIANG GEELY HOLDING GROUP CO LTD;OTHER;https://www.reuters.com/markets/companies/0175.HK/;2024
19061929;ZHEJIANG GEELY HOLDING GROUP CO LTD;OTHER;;
19063169;DEUTSCHE POST;FIN_REP;https://deutsche-boerse.com/resource/blob/4171108/63e51ae4a2d36e3cd97e4bb520f8b37f/data/DBG-annual-report-2024-a4.pdf;2024
19063169;DEUTSCHE POST;OTHER;https://companiesmarketcap.com/deutsche-post/revenue/;2024
19063169;DEUTSCHE POST;OTHER;https://finance.yahoo.com/quote/DHL.DE/history/;2024
19063169;DEUTSCHE POST;OTHER;https://jp.reuters.com/markets/companies/DHLn.DE;2024
19063169;DEUTSCHE POST;OTHER;https://www.google.com/finance/quote/DB:NYSE;2024
19063169;DEUTSCHE POST;OTHER;;
19063238;ACCENTURE PLC;FIN_REP;https://investor.accenture.com/~/media/Files/A/Accenture-IR-V3/home/accenture-fiscal-2024-annual-report.pdf;2024
19063238;ACCENTURE PLC;OTHER;https://companiesmarketcap.com/accenture/revenue/;2024
19063238;ACCENTURE PLC;OTHER;https://finance.yahoo.com/quote/ACN/;2024
19063238;ACCENTURE PLC;OTHER;https://www.google.com/finance/quote/ACN:NYSE;2024
19063238;ACCENTURE PLC;OTHER;https://jp.reuters.com/markets/companies/ACN.N;2024
19063238;ACCENTURE PLC;OTHER;;
19071003;SCHAEFFLER;FIN_REP;https://www.schaeffler.com/remotemedien/media/_shared_media_rwd/08_investor_relations/reports/2024_ar/2024_schaeffler_annual_report_en_4lcd3b.pdf;2024
19071003;SCHAEFFLER;OTHER;https://companiesmarketcap.com/schaeffler/revenue/;2024
19071003;SCHAEFFLER;OTHER;https://finance.yahoo.com/quote/SCHAEFFLER.NS/;2024
19071003;SCHAEFFLER;OTHER;https://www.google.com/finance/quote/SCHAEFFLER:NSE?hl=it;2024
19071003;SCHAEFFLER;OTHER;https://www.reuters.com/markets/companies/SHA0.DE;2024
19071003;SCHAEFFLER;OTHER;;
19078026;SINOCHEM;FIN_REP;http://hk.sinochem.com/Portals/196/Uploads/Files/2024/6-24/638548333781512368.pdf;2024
19078026;SINOCHEM;OTHER;https://www.reuters.com/markets/companies/600500.SS/;2024
19078026;SINOCHEM;OTHER;https://companiesmarketcap.com/tsakos-energy-navigation/marketcap/;2024
19078026;SINOCHEM;OTHER;https://finance.yahoo.com/quote/600500.SS/;2024
19078026;SINOCHEM;OTHER;https://www.google.com/finance/quote/SBHMY:OTCMKTS?hl=de;2024
19078026;SINOCHEM;OTHER;;
19078254;BOUYGUES;FIN_REP;https://www.bouygues.com/wp-content/uploads/docs/91140/press-release.pdf;2024
19078254;BOUYGUES;OTHER;https://companiesmarketcap.com/eur/bouygues/revenue/;2024
19078254;BOUYGUES;OTHER;https://finance.yahoo.com/quote/EN.PA/history/;2024
19078254;BOUYGUES;OTHER;https://www.google.com/finance/quote/DG:EPA;2024
19078254;BOUYGUES;OTHER;https://www.reuters.com/markets/companies/BOUY.PA/;2024
19078254;BOUYGUES;OTHER;;
19081380;EDP;FIN_REP;https://www.edpr.com/sites/edpr/files/2025-02/EDPR_AnnualReport2024.pdf;2024
19081380;EDP;OTHER;https://finance.yahoo.com/quote/EDPR.LS/;2024
19081380;EDP;OTHER;https://www.reuters.com/markets/companies/EDP.LS;2024
19081380;EDP;OTHER;https://companiesmarketcap.com/eur/edp-group/revenue/;2024
19081380;EDP;OTHER;https://www.google.com/finance/quote/EDPFY:OTCMKTS?hl=zh;2024
19081380;EDP;OTHER;;
19089102;NOVARTIS AG;FIN_REP;https://www.novartis.com/sites/novartiscom/files/novartis-annual-report-2024.pdf;2024
19089102;NOVARTIS AG;OTHER;https://companiesmarketcap.com/inr/novartis/revenue/;2024
19089102;NOVARTIS AG;OTHER;https://finance.yahoo.com/quote/NVS/;2024
19089102;NOVARTIS AG;OTHER;https://www.google.com/finance/quote/NOVN:SWX;2024
19089102;NOVARTIS AG;OTHER;https://jp.reuters.com/markets/companies/NOVN.S;2024
19089102;NOVARTIS AG;OTHER;;
19098069;EXXON MOBIL CORP;FIN_REP;https://investor.exxonmobil.com/sec-filings/annual-reports/content/0001193125-24-092555/0001193125-24-092555.pdf;2023
19098069;EXXON MOBIL CORP;OTHER;https://companiesmarketcap.com/exxon-mobil/revenue/;2024
19098069;EXXON MOBIL CORP;OTHER;https://finance.yahoo.com/quote/XOM/;2024
19098069;EXXON MOBIL CORP;OTHER;https://www.google.com/finance/quote/XOM:NYSE;2024
19098069;EXXON MOBIL CORP;OTHER;https://www.reuters.com/markets/companies/XOM/;2024
19098069;EXXON MOBIL CORP;OTHER;;
19098782;HENKEL KGAA;FIN_REP;https://group.dhl.com/content/dam/deutschepostdhl/en/media-center/investors/documents/annual-reports/DHL-Group-2024-Annual-Report.pdf;2024
19098782;HENKEL KGAA;OTHER;https://companiesmarketcap.com/henkel/revenue/;2024
19098782;HENKEL KGAA;OTHER;https://finance.yahoo.com/quote/HEN3.DE/;2024
19098782;HENKEL KGAA;OTHER;https://www.google.com/finance/quote/HEN:ETR;2024
19098782;HENKEL KGAA;OTHER;https://www.reuters.com/markets/companies/HNKG.BE/;2024
19098782;HENKEL KGAA;OTHER;;
19103593;D IETEREN GROUP;FIN_REP;https://dieterengroup.imgix.net/press-releases/Press-Release-FY-2024_EN_VF.pdf;2024
19103593;D IETEREN GROUP;OTHER;https://companiesmarketcap.com/cad/d-ieteren-group/revenue/;2024
19103593;D IETEREN GROUP;OTHER;https://finance.yahoo.com/quote/DIE.BR/;2024
19103593;D IETEREN GROUP;OTHER;https://www.reuters.com/markets/companies/IETB.BR;2024
19103593;D IETEREN GROUP;OTHER;https://www.google.com/finance/quote/DIE:EBR;2024
19103593;D IETEREN GROUP;OTHER;;
19106201;HEINEKEN;FIN_REP;https://www.heinekenholding.com/sites/heinekenholding-v2/files/2025-02/heineken-holding-nv-annual-report-2024-final-20250219.pdf;2024
19106201;HEINEKEN;OTHER;https://companiesmarketcap.com/eur/heineken/revenue/;2024
19106201;HEINEKEN;OTHER;https://finance.yahoo.com/quote/HEIA.AS/;2024
19106201;HEINEKEN;OTHER;https://www.google.com/finance/quote/HKHHF:OTCMKTS;2024
19106201;HEINEKEN;OTHER;https://www.reuters.com/markets/companies/HEIO.AS/;2024
19106201;HEINEKEN;OTHER;;
19112336;INDITEX;FIN_REP;https://www.inditex.com/itxcomweb/api/media/604197b9-50de-4f4f-ab84-c1e379cb3fd0/Inditex_Group_Annual_Report_2024.pdf?t=1741989136588;2024
19112336;INDITEX;OTHER;https://companiesmarketcap.com/inditex/eps/;2024
19112336;INDITEX;OTHER;https://www.google.com/finance/quote/ITX:BME?hl=es&window=5D;2024
19112336;INDITEX;OTHER;https://finance.yahoo.com/quote/IDEXY/;2024
19112336;INDITEX;OTHER;https://www.reuters.com/markets/companies/ITX.MC/;2024
19112336;INDITEX;OTHER;;
19118622;IBERDROLA;FIN_REP;https://www.iberdrola.com/documents/20125/42388/IB_Integrated_Report.pdf;2024
19118622;IBERDROLA;OTHER;https://companiesmarketcap.com/iberdrola/revenue/;2024
19118622;IBERDROLA;OTHER;https://finance.yahoo.com/quote/IBDRY/;2024
19118622;IBERDROLA;OTHER;https://www.google.com/finance/quote/IBE:BME;2024
19118622;IBERDROLA;OTHER;https://jp.reuters.com/markets/companies/IBE.MC;2024
19118622;IBERDROLA;OTHER;;
19143810;JOHN SWIRE & SONS LIMITED;FIN_REP;https://ir.swireproperties.com/en/ir/reports/ar2023.pdf;2023
19143810;JOHN SWIRE & SONS LIMITED;OTHER;https://companiesmarketcap.com/largest-companies-by-revenue/?download=csv;2024
19143810;JOHN SWIRE & SONS LIMITED;OTHER;https://finance.yahoo.com/quote/0019.HK/;2024
19143810;JOHN SWIRE & SONS LIMITED;OTHER;;
19143810;JOHN SWIRE & SONS LIMITED;OTHER;;
19143810;JOHN SWIRE & SONS LIMITED;OTHER;;
19145378;ESSITY;FIN_REP;https://assets.www.essity.com/essity/Essity_AR24_Eng.pdf;2024
19145378;ESSITY;OTHER;https://companiesmarketcap.com/essity/revenue/;2024
19145378;ESSITY;OTHER;https://finance.yahoo.com/quote/ESSITY-B.ST/;2024
19145378;ESSITY;OTHER;https://www.reuters.com/markets/companies/ESSITYb.ST/;2024
19145378;ESSITY;OTHER;https://www.google.com/finance/quote/SWED-A:STO;2024
19145378;ESSITY;OTHER;;
19149741;LEONARDO SOCIETA PER AZIONI;FIN_REP;https://www.leonardo.com/documents/15646808/28608810/2024+Integrated+Annual+Report.pdf?t=1741973243807;2024
19149741;LEONARDO SOCIETA PER AZIONI;OTHER;https://companiesmarketcap.com/italy/largest-companies-in-italy-by-market-cap/;2024
19149741;LEONARDO SOCIETA PER AZIONI;OTHER;https://finance.yahoo.com/quote/LDO.MI/;2024
19149741;LEONARDO SOCIETA PER AZIONI;OTHER;https://www.google.com/finance/quote/LDO:BIT?hl=it;2024
19149741;LEONARDO SOCIETA PER AZIONI;OTHER;;
19149741;LEONARDO SOCIETA PER AZIONI;OTHER;;
19157606;BOSCH;FIN_REP;https://assets.bosch.com/media/global/bosch_group/our_figures/pdf/bosch-annual-report-2024.pdf;2024
19157606;BOSCH;OTHER;https://companiesmarketcap.com/inr/bosch-india/revenue/;2024
19157606;BOSCH;OTHER;https://finance.yahoo.com/quote/BOSCHLTD.BO/;2024
19157606;BOSCH;OTHER;https://www.reuters.com/markets/companies/BFREN.IS/;2024
19157606;BOSCH;OTHER;https://www.google.com/finance/quote/BOSCHLTD:NSE;2024
19157606;BOSCH;OTHER;;
19159067;DELL TECHNOLOGIES INC.;FIN_REP;https://investors.delltechnologies.com/static-files/147630ad-5b91-44d6-989f-0e2b38cc7b3d;2024
19159067;DELL TECHNOLOGIES INC.;OTHER;https://finance.yahoo.com/quote/DELL/;2024
19159067;DELL TECHNOLOGIES INC.;OTHER;https://www.google.com/finance/quote/DELL:NYSE;2024
19159067;DELL TECHNOLOGIES INC.;OTHER;https://companiesmarketcap.com/dell/revenue/;2024
19159067;DELL TECHNOLOGIES INC.;OTHER;https://www.reuters.com/markets/companies/DELL.N;2024
19159067;DELL TECHNOLOGIES INC.;OTHER;;
19159307;INTERTEK GROUP PLC;FIN_REP;https://www.intertek.com/siteassets/investors/2024/intertek-annual-report-2024.pdf;2024
19159307;INTERTEK GROUP PLC;OTHER;https://companiesmarketcap.com/intertek/revenue/;2024
19159307;INTERTEK GROUP PLC;OTHER;https://finance.yahoo.com/quote/ITRK.L/;2024
19159307;INTERTEK GROUP PLC;OTHER;https://www.google.com/finance/quote/LAND:LON;2024
19159307;INTERTEK GROUP PLC;OTHER;https://www.reuters.com/markets/companies/ITRK.L/;2024
19159307;INTERTEK GROUP PLC;OTHER;;
19174661;ESSILORLUXOTTICA;FIN_REP;https://ml-eu.globenewswire.com/Resource/Download/41e76962-dd43-4258-a5b2-f248bd7ab121;2023
19174661;ESSILORLUXOTTICA;OTHER;https://companiesmarketcap.com/essilor-luxottica/revenue/;2024
19174661;ESSILORLUXOTTICA;OTHER;https://finance.yahoo.com/quote/ESLOF/;2024
19174661;ESSILORLUXOTTICA;OTHER;https://www.google.com/finance/quote/EL:EPA;2024
19174661;ESSILORLUXOTTICA;OTHER;https://jp.reuters.com/markets/companies/ESLX.PA;2024
19174661;ESSILORLUXOTTICA;OTHER;;
19187838;ALPHABET INC.;FIN_REP;https://about.google/belonging/diversity-annual-report/2024/static/pdfs/google_2024_diversity_annual_report.pdf;2024
19187838;ALPHABET INC.;OTHER;https://companiesmarketcap.com/alphabet-google/revenue/;2024
19187838;ALPHABET INC.;OTHER;https://finance.yahoo.com/quote/GOOG/;2024
19187838;ALPHABET INC.;OTHER;https://www.reuters.com/markets/companies/GOOGL.OQ/;2024
19187838;ALPHABET INC.;OTHER;https://www.google.com/finance/quote/GOOGL:NASDAQ;2024
19187838;ALPHABET INC.;OTHER;;
19191179;MARUBENI CORPORATION;FIN_REP;https://www.marubeni.com/en/ir/reports/integrated_report/pdf/2024_en_all.pdf;2024
19191179;MARUBENI CORPORATION;OTHER;https://companiesmarketcap.com/marubeni/revenue/;2024
19191179;MARUBENI CORPORATION;OTHER;https://finance.yahoo.com/quote/MARUY/;2024
19191179;MARUBENI CORPORATION;OTHER;https://www.reuters.com/markets/companies/8002.T;2024
19191179;MARUBENI CORPORATION;OTHER;https://www.google.com/finance/quote/8002:TYO;2024
19191179;MARUBENI CORPORATION;OTHER;;
19191444;RELX PLC;FIN_REP;https://www.relx.com/~/media/Files/R/RELX-Group/documents/reports/annual-reports/relx-2024-annual-report.pdf;2024
19191444;RELX PLC;OTHER;https://finance.yahoo.com/quote/RELX/;2024
19191444;RELX PLC;OTHER;https://www.google.com/finance/quote/RDED:FRA?hl=tr;2024
19191444;RELX PLC;OTHER;https://www.reuters.com/markets/companies/RELX.N;2024
19191444;RELX PLC;OTHER;https://companiesmarketcap.com/relx/marketcap/;2024
19191444;RELX PLC;OTHER;;
19191498;BOLLORE PARTICIPATIONS SE;FIN_REP;https://www.bollore.com/bollo-content/uploads/2025/03/2025-03-17-bol-res-fy24-uk.pdf;2024
19191498;BOLLORE PARTICIPATIONS SE;OTHER;https://fr.finance.yahoo.com/quote/VVU.DU/;2024
19191498;BOLLORE PARTICIPATIONS SE;OTHER;https://www.reuters.com/markets/companies/BOLL.PA;2024
19191498;BOLLORE PARTICIPATIONS SE;OTHER;;
19191498;BOLLORE PARTICIPATIONS SE;OTHER;;
19191498;BOLLORE PARTICIPATIONS SE;OTHER;;
19192598;JOHNSON & JOHNSON;FIN_REP;https://www.johnsonoutdoors.com/sites/default/files/2025-01/JO%202024%20Annual%20Report_010725_0.pdf;2024
19192598;JOHNSON & JOHNSON;OTHER;https://companiesmarketcap.com/johnson-and-johnson/revenue/;2024
19192598;JOHNSON & JOHNSON;OTHER;https://finance.yahoo.com/quote/JNJ/;2024
19192598;JOHNSON & JOHNSON;OTHER;https://www.google.com/finance/quote/JNJ:NYSE;2024
19192598;JOHNSON & JOHNSON;OTHER;https://www.reuters.com/markets/companies/JNJ.N;2024
19192598;JOHNSON & JOHNSON;OTHER;;
19196807;CARREFOUR;FIN_REP;https://www.carrefour.com/sites/default/files/2025-02/FY%202024%20Consolidated%20financial%20statements.pdf;2024
19196807;CARREFOUR;OTHER;https://finance.yahoo.com/quote/CA.PA/;2024
19196807;CARREFOUR;OTHER;https://companiesmarketcap.com/eur/carrefour/revenue/;2024
19196807;CARREFOUR;OTHER;https://www.reuters.com/markets/companies/CRFSA.IS/;2024
19196807;CARREFOUR;OTHER;https://www.google.com/finance/quote/CA:EPA?hl=fr;2024
19196807;CARREFOUR;OTHER;;
19201457;ALFA LAVAL AB;FIN_REP;https://www.alfalaval.com/globalassets/documents/investors/english/annual-reports/2023/annual-report-2023.pdf;2023
19201457;ALFA LAVAL AB;OTHER;https://finance.yahoo.com/quote/ALFA.ST/;2024
19201457;ALFA LAVAL AB;OTHER;https://www.google.com/finance/quote/ALFA:STO;2024
19201457;ALFA LAVAL AB;OTHER;https://companiesmarketcap.com/sweden/largest-companies-by-revenue-in-sweden/;2024
19201457;ALFA LAVAL AB;OTHER;https://www.reuters.com/markets/companies/ALFA.ST;2024
19201457;ALFA LAVAL AB;OTHER;;
19206259;SGS;FIN_REP;https://www.sgs.com/-/media/sgscorp/documents/corporate/reports-and-presentations/2020s/2025/sgs-2024-integrated-report-en.cdn.en.pdf;2024
19206259;SGS;OTHER;https://www.google.com/finance/quote/SGSN:SWX;2024
19206259;SGS;OTHER;https://www.reuters.com/markets/companies/SGSN.S/;2024
19206259;SGS;OTHER;https://companiesmarketcap.com/inr/sgs/revenue/;2024
19206259;SGS;OTHER;https://finance.yahoo.com/quote/SYRMA.NS/;2024
19206259;SGS;OTHER;;
19216371;COMPAGNIE GENERALE DES ETABLISSEMENTS MICHELIN;FIN_REP;https://dgaddcosprod.blob.core.windows.net/cxf-corporate/attachments/f2274lckirbkvpswfpysks22-2024-annual-results-presentation.pdf;2024
19216371;COMPAGNIE GENERALE DES ETABLISSEMENTS MICHELIN;OTHER;https://finance.yahoo.com/quote/ML.PA/;2024
19216371;COMPAGNIE GENERALE DES ETABLISSEMENTS MICHELIN;OTHER;https://www.reuters.com/markets/companies/MICP.PA/;2024
19216371;COMPAGNIE GENERALE DES ETABLISSEMENTS MICHELIN;OTHER;https://companiesmarketcap.com/michelin/pe-ratio/;2024
19216371;COMPAGNIE GENERALE DES ETABLISSEMENTS MICHELIN;OTHER;;
19216371;COMPAGNIE GENERALE DES ETABLISSEMENTS MICHELIN;OTHER;;
19217026;HITACHI LTD;FIN_REP;https://www.hitachi.com/IR-e/library/integrated/2024/ar2024e.pdf;2024
19217026;HITACHI LTD;OTHER;https://companiesmarketcap.com/hitachi/revenue/;2024
19217026;HITACHI LTD;OTHER;https://finance.yahoo.com/quote/HTHIY/;2024
19217026;HITACHI LTD;OTHER;https://www.google.com/finance/quote/6501:TYO;2024
19217026;HITACHI LTD;OTHER;https://www.reuters.com/markets/companies/6501.T;2024
19217026;HITACHI LTD;OTHER;;
19226059;HOLCIM AG;FIN_REP;https://www.holcim.com/sites/holcim/files/docs/28022025-finance-holcim-fy-2024-report-full-en.pdf;2024
19226059;HOLCIM AG;OTHER;https://companiesmarketcap.com/lafargeholcim/marketcap/;2024
19226059;HOLCIM AG;OTHER;https://finance.yahoo.com/quote/HOLN.SW/;2024
19226059;HOLCIM AG;OTHER;https://www.google.com/finance/quote/HOLN:SWX;2024
19226059;HOLCIM AG;OTHER;https://www.reuters.com/markets/companies/HOLN.S;2024
19226059;HOLCIM AG;OTHER;;
19231130;SCHNEIDER ELECTRIC SE;FIN_REP;https://www.se.com/ww/en/assets/564/document/505646/release-fy-results-2024.pdf?p_enDocType=Financialrelease&p_File_Name=2024FYResults;2024
19231130;SCHNEIDER ELECTRIC SE;OTHER;https://www.google.com/finance/quote/SU:EPA;2024
19231130;SCHNEIDER ELECTRIC SE;OTHER;https://www.reuters.com/markets/companies/SCHN.PA/key-metrics/income-statement;2024
19231130;SCHNEIDER ELECTRIC SE;OTHER;https://companiesmarketcap.com/schneider-electric/revenue/;2024
19231130;SCHNEIDER ELECTRIC SE;OTHER;https://finance.yahoo.com/quote/SU.PA/;2024
19231130;SCHNEIDER ELECTRIC SE;OTHER;;
19233882;EUROFINS SCIENTIFIC;FIN_REP;https://cdnmedia.eurofins.com/corporate-eurofins/media/wmvnjc2u/eurofins-scientific-2024-annual-report.pdf;2024
19233882;EUROFINS SCIENTIFIC;OTHER;https://companiesmarketcap.com/eurofins-scientific/revenue/;2024
19233882;EUROFINS SCIENTIFIC;OTHER;https://finance.yahoo.com/quote/ERF.PA/;2024
19233882;EUROFINS SCIENTIFIC;OTHER;https://www.reuters.com/markets/companies/EUFI.PA/;2024
19233882;EUROFINS SCIENTIFIC;OTHER;https://www.google.com/finance/quote/CAP:EPA;2024
19233882;EUROFINS SCIENTIFIC;OTHER;;
19234151;REPSOL;FIN_REP;https://www.repsol.com/content/dam/repsol-corporate/en_gb/accionistas-e-inversores/rif/2025/rif20022025-2024-repsol-group-annual-financial-report.pdf;2024
19234151;REPSOL;OTHER;https://companiesmarketcap.com/repsol/revenue/;2024
19234151;REPSOL;OTHER;https://uk.finance.yahoo.com/quote/REP.MC/;2024
19234151;REPSOL;OTHER;https://www.google.com/finance/quote/REP:BME;2024
19234151;REPSOL;OTHER;https://jp.reuters.com/markets/companies/REP.MC;2024
19234151;REPSOL;OTHER;;
19238855;ANHEUSER-BUSCH INBEV;FIN_REP;https://cdn.builder.io/o/assets%2F2e5c7fb020194c1a8ee80f743d0b923e%2Ffa283055d37b49a2814094325ca5abf1?alt=media&token=35f21c06-7ae0-4c9c-b6bf-85d79a306575&apiKey=2e5c7fb020194c1a8ee80f743d0b923e;2024
19238855;ANHEUSER-BUSCH INBEV;OTHER;https://companiesmarketcap.com/anheuser-busch-inbev/revenue/;2024
19238855;ANHEUSER-BUSCH INBEV;OTHER;https://finance.yahoo.com/quote/BUD/;2024
19238855;ANHEUSER-BUSCH INBEV;OTHER;https://www.reuters.com/markets/companies/ABI.BR/;2024
19238855;ANHEUSER-BUSCH INBEV;OTHER;https://www.google.com/finance/quote/BUD:NYSE;2024
19238855;ANHEUSER-BUSCH INBEV;OTHER;;
19245907;SAMSUNG ELECTRONICS CO. LTD.;FIN_REP;https://images.samsung.com/is/content/samsung/assets/global/ir/docs/2024_con_quarter04_all.pdf;2024
19245907;SAMSUNG ELECTRONICS CO. LTD.;OTHER;https://finance.yahoo.com/quote/005930.KS/;2024
19245907;SAMSUNG ELECTRONICS CO. LTD.;OTHER;https://www.google.com/finance/quote/005930:KRX;2024
19245907;SAMSUNG ELECTRONICS CO. LTD.;OTHER;https://companiesmarketcap.com/samsung/revenue/;2024
19245907;SAMSUNG ELECTRONICS CO. LTD.;OTHER;https://www.reuters.com/markets/companies/0593xq.L;2024
19245907;SAMSUNG ELECTRONICS CO. LTD.;OTHER;;
19249932;NOVO NORDISK;FIN_REP;https://www.novonordisk.com/content/dam/nncorp/global/en/investors/irmaterial/annual_report/2025/novo-nordisk-annual-report-2024.pdf;2024
19249932;NOVO NORDISK;OTHER;https://companiesmarketcap.com/novo-nordisk/revenue/;2024
19249932;NOVO NORDISK;OTHER;https://finance.yahoo.com/quote/NVO/;2024
19249932;NOVO NORDISK;OTHER;https://www.google.com/finance/quote/NVO:NYSE;2024
19249932;NOVO NORDISK;OTHER;https://www.reuters.com/markets/companies/NVO.N/key-metrics/growth;2024
19249932;NOVO NORDISK;OTHER;;
19253725;SOLVAY;FIN_REP;https://www.solvay.com/sites/g/files/srpend616/files/2025-03/2024Q4_Financialreport_EN_final.pdf;2024
19253725;SOLVAY;OTHER;https://companiesmarketcap.com/solvay/revenue/;2024
19253725;SOLVAY;OTHER;https://finance.yahoo.com/quote/SVYSF/;2024
19253725;SOLVAY;OTHER;https://www.reuters.com/markets/companies/SOLB.BR/;2024
19253725;SOLVAY;OTHER;https://www.google.com/finance/quote/VIAV:NASDAQ;2024
19253725;SOLVAY;OTHER;;
19258448;BERTELSMANN STIFTUNG;FIN_REP;https://www.bertelsmann.com/media/investor-relations/annual-reports/annual-report-2023.pdf;2023
19258448;BERTELSMANN STIFTUNG;OTHER;https://finance.yahoo.com/quote/BTG4.SG/;2024
19258448;BERTELSMANN STIFTUNG;OTHER;;
19258448;BERTELSMANN STIFTUNG;OTHER;;
19258448;BERTELSMANN STIFTUNG;OTHER;;
19258448;BERTELSMANN STIFTUNG;OTHER;;
19261077;ASTRAZENECA PLC;FIN_REP;https://www.astrazeneca.com/content/dam/az/Investor_Relations/annual-report-2024/pdf/AstraZeneca_AR_2024.pdf;2024
19261077;ASTRAZENECA PLC;OTHER;https://companiesmarketcap.com/astrazeneca/revenue/;2024
19261077;ASTRAZENECA PLC;OTHER;https://finance.yahoo.com/quote/AZN/;2024
19261077;ASTRAZENECA PLC;OTHER;https://www.google.com/finance/quote/AZN:LON;2024
19261077;ASTRAZENECA PLC;OTHER;https://www.reuters.com/markets/companies/AZN.L/financials;2024
19261077;ASTRAZENECA PLC;OTHER;;
19264134;ISS A/S;FIN_REP;https://inv.issworld.com/static-files/d9aeda1d-1a5d-435b-bf2b-11ac50f0ecaa;2024
19264134;ISS A/S;OTHER;https://companiesmarketcap.com/eur/iss-as/revenue/;2024
19264134;ISS A/S;OTHER;https://finance.yahoo.com/quote/ISS.CO/;2024
19264134;ISS A/S;OTHER;https://www.google.com/finance/quote/ISS:CPH;2024
19264134;ISS A/S;OTHER;https://www.reuters.com/markets/companies/ISS.CO;2024
19264134;ISS A/S;OTHER;;
19266518;WIENERBERGER GROUP;FIN_REP;https://www.wienerberger.com/content/dam/corp/corporate-website/downloads/investors-downloads/2024/20250226-wienerberger-FY-2024-Report.pdf;2024
19266518;WIENERBERGER GROUP;OTHER;https://finance.yahoo.com/quote/WIE.VI/;2024
19266518;WIENERBERGER GROUP;OTHER;https://www.reuters.com/markets/companies/WBSV.VI;2024
19266518;WIENERBERGER GROUP;OTHER;https://companiesmarketcap.com/austria/largest-austrian-companies-by-market-cap/;2024
19266518;WIENERBERGER GROUP;OTHER;https://www.google.com/finance/quote/MMK:VIE;2024
19266518;WIENERBERGER GROUP;OTHER;;
19275814;VESTAS WIND SYSTEMS A/S;FIN_REP;https://www.vestas.com/content/dam/vestas-com/global/en/investor/reports-and-presentations/financial/2024/fy-2024/Vestas%20Annual%20Report%202024.pdf.coredownload.inline.pdf;2024
19275814;VESTAS WIND SYSTEMS A/S;OTHER;https://finance.yahoo.com/quote/VWS.CO/;2024
19275814;VESTAS WIND SYSTEMS A/S;OTHER;https://www.google.com/finance/quote/VWS:CPH;2024
19275814;VESTAS WIND SYSTEMS A/S;OTHER;https://companiesmarketcap.com/gbp/vestas-wind-systems/marketcap/;2024
19275814;VESTAS WIND SYSTEMS A/S;OTHER;https://jp.reuters.com/markets/companies/VWS.CO;2024
19275814;VESTAS WIND SYSTEMS A/S;OTHER;;
19276100;YARA INTERNATIONAL ASA;FIN_REP;https://www.yara.com/siteassets/investors/057-reports-and-presentations/annual-reports/2024/yara-integrated-report-2024.pdf;2024
19276100;YARA INTERNATIONAL ASA;OTHER;https://finance.yahoo.com/quote/YARIY/;2024
19276100;YARA INTERNATIONAL ASA;OTHER;https://www.reuters.com/markets/companies/YAR.OL/;2024
19276100;YARA INTERNATIONAL ASA;OTHER;https://companiesmarketcap.com/inr/yara-international/revenue/;2024
19276100;YARA INTERNATIONAL ASA;OTHER;;
19276100;YARA INTERNATIONAL ASA;OTHER;;
19286023;MITSUBISHI CORPORATION;FIN_REP;https://www.mitsubishicorp.com/gb/en/about/pdf/report2024.pdf;2024
19286023;MITSUBISHI CORPORATION;OTHER;https://finance.yahoo.com/quote/8058.T/;2024
19286023;MITSUBISHI CORPORATION;OTHER;https://companiesmarketcap.com/gbp/mitsubishi-corporation/revenue/;2024
19286023;MITSUBISHI CORPORATION;OTHER;https://www.google.com/finance/quote/7011:TYO;2024
19286023;MITSUBISHI CORPORATION;OTHER;https://www.reuters.com/markets/companies/4188.T/;2024
19286023;MITSUBISHI CORPORATION;OTHER;;
19287986;ZF FRIEDRICHSHAFEN;FIN_REP;https://www.zf.com/master/media/en/corporate/m_zf_com/company/bonds_relations_/financial_reports/annual_report/2024_3/ZF_AnnualReport24.pdf;2024
19287986;ZF FRIEDRICHSHAFEN;OTHER;https://companiesmarketcap.com/zf-commercial-vehicle-control-systems-india/marketcap/;2024
19287986;ZF FRIEDRICHSHAFEN;OTHER;https://finance.yahoo.com/quote/ZF%3DF/;2024
19287986;ZF FRIEDRICHSHAFEN;OTHER;;
19287986;ZF FRIEDRICHSHAFEN;OTHER;;
19287986;ZF FRIEDRICHSHAFEN;OTHER;;
19297963;KRKA TOVARNA ZDRAVIL DD NOVO MESTO;FIN_REP;https://www.krka.biz/_assets/Annual-Report-2024.pdf;2024
19297963;KRKA TOVARNA ZDRAVIL DD NOVO MESTO;OTHER;https://finance.yahoo.com/quote/KRK.WA/;2024
19297963;KRKA TOVARNA ZDRAVIL DD NOVO MESTO;OTHER;;
19297963;KRKA TOVARNA ZDRAVIL DD NOVO MESTO;OTHER;;
19297963;KRKA TOVARNA ZDRAVIL DD NOVO MESTO;OTHER;;
19297963;KRKA TOVARNA ZDRAVIL DD NOVO MESTO;OTHER;;
19300811;PRYSMIAN S.P.A.;FIN_REP;https://www.prysmian.com/sites/www.prysmian.com/files/2024-03/Integrated-Annual-Report-2023.pdf;2023
19300811;PRYSMIAN S.P.A.;OTHER;https://finance.yahoo.com/quote/PRY.MI/;2024
19300811;PRYSMIAN S.P.A.;OTHER;https://companiesmarketcap.com/prysmian-group/revenue/;2024
19300811;PRYSMIAN S.P.A.;OTHER;https://www.google.com/finance/quote/PRY:BIT;2024
19300811;PRYSMIAN S.P.A.;OTHER;https://www.reuters.com/markets/companies/PRY.MI;2024
19300811;PRYSMIAN S.P.A.;OTHER;;
19312144;CANON INCORPORATED;FIN_REP;https://www.canon.ca/dam/about/Org/Corporate-Profile/PDFs/canon-int-2024-e.pdf;2024
19312144;CANON INCORPORATED;OTHER;https://companiesmarketcap.com/inr/electronics/electronics-companies-ranked-by-pe-ratio/;2024
19312144;CANON INCORPORATED;OTHER;https://finance.yahoo.com/quote/CAJPY/;2024
19312144;CANON INCORPORATED;OTHER;https://www.google.com/finance/quote/7751:TYO;2024
19312144;CANON INCORPORATED;OTHER;https://www.reuters.com/markets/companies/7751.T;2024
19312144;CANON INCORPORATED;OTHER;;
19313683;STANLEY BLACK & DECKER INC.;FIN_REP;https://www.stanleyblackanddecker.com/sites/default/files/2025-01/2023_sbd_impact_report.pdf;2023
19313683;STANLEY BLACK & DECKER INC.;OTHER;https://companiesmarketcap.com/stanley-black-and-decker/revenue/;2024
19313683;STANLEY BLACK & DECKER INC.;OTHER;https://finance.yahoo.com/quote/SWK/;2024
19313683;STANLEY BLACK & DECKER INC.;OTHER;https://www.google.com/finance/quote/SWK:NYSE;2024
19313683;STANLEY BLACK & DECKER INC.;OTHER;https://www.reuters.com/markets/companies/SWK/;2024
19313683;STANLEY BLACK & DECKER INC.;OTHER;;
19314055;NORSK HYDRO ASA;FIN_REP;https://hydrogeni.no/wp-content/uploads/2025/04/HYDROGENi_annual_report_2024.pdf;2024
19314055;NORSK HYDRO ASA;OTHER;https://finance.yahoo.com/quote/NHY.OL/;2024
19314055;NORSK HYDRO ASA;OTHER;https://www.reuters.com/markets/companies/NHY.OL/;2024
19314055;NORSK HYDRO ASA;OTHER;https://companiesmarketcap.com/norsk-hydro/revenue/;2024
19314055;NORSK HYDRO ASA;OTHER;https://www.google.com/finance/quote/ADDYY:OTCMKTS;2024
19314055;NORSK HYDRO ASA;OTHER;;
19331837;EDIZIONE;FIN_REP;https://www.edizione.com/wp-content/uploads/2024/07/Consolidato-Edizione-2023_ENG.pdf;2023
19331837;EDIZIONE;OTHER;;
19331837;EDIZIONE;OTHER;;
19331837;EDIZIONE;OTHER;;
19331837;EDIZIONE;OTHER;;
19331837;EDIZIONE;OTHER;;
19340550;VINCI;FIN_REP;https://www.vinci.com/sites/default/files/medias/document/file/2025/02/2024-VINCI-full-year-results.pdf;2024
19340550;VINCI;OTHER;https://finance.yahoo.com/quote/VINP/;2024
19340550;VINCI;OTHER;https://www.google.com/finance/quote/DG:EPA;2024
19340550;VINCI;OTHER;https://www.reuters.com/markets/companies/SGEF.PA/;2024
19340550;VINCI;OTHER;https://companiesmarketcap.com/inr/vinci/revenue/;2024
19340550;VINCI;OTHER;;
19344352;KUEHNE NAGEL;FIN_REP;https://2024-annual-report.kuehne-nagel.com/fileadmin/user_upload/KN_Uploads/pdf-download_2024/KN_2024_AR.pdf;2024
19344352;KUEHNE NAGEL;OTHER;https://finance.yahoo.com/quote/KNIN.SW/;2024
19344352;KUEHNE NAGEL;OTHER;https://www.google.com/finance/quote/KHNGF:OTCMKTS?hl=tr;2024
19344352;KUEHNE NAGEL;OTHER;https://companiesmarketcap.com/kuhne-nagel/marketcap/;2024
19344352;KUEHNE NAGEL;OTHER;https://www.reuters.com/markets/companies/KNIN.S;2024
19344352;KUEHNE NAGEL;OTHER;;
19346455;STRABAG GROUP;FIN_REP;https://report.strabag.com/2024/ar/downloads/en/STRABAG%20SE_Results%20presentation_e.pdf;2024
19346455;STRABAG GROUP;OTHER;https://finance.yahoo.com/quote/STR.VI/;2024
19346455;STRABAG GROUP;OTHER;https://companiesmarketcap.com/construction/largest-construction-companies-by-revenue/;2024
19346455;STRABAG GROUP;OTHER;https://www.google.com/finance/quote/EBS:VIE;2024
19346455;STRABAG GROUP;OTHER;https://www.reuters.com/markets/companies/UNIQ.VI;2024
19346455;STRABAG GROUP;OTHER;;
19414796;ATLAS UK BIDCO LIMITED;FIN_REP;https://www.atlasholdingsllc.com/uk/assets/pdfs/02d.-Co-operation-Agreement-(Dated-15.04.25).pdf;2025
19414796;ATLAS UK BIDCO LIMITED;OTHER;;
19414796;ATLAS UK BIDCO LIMITED;OTHER;;
19414796;ATLAS UK BIDCO LIMITED;OTHER;;
19414796;ATLAS UK BIDCO LIMITED;OTHER;;
19414796;ATLAS UK BIDCO LIMITED;OTHER;;
20016646;UNILEVER PLC;FIN_REP;https://www.unilevernepal.com/files/unilever-nepal-limited-annual-report-2024-english.pdf;2024
20016646;UNILEVER PLC;OTHER;https://finance.yahoo.com/quote/UL/;2024
20016646;UNILEVER PLC;OTHER;https://companiesmarketcap.com/unilever/pe-ratio/;2024
20016646;UNILEVER PLC;OTHER;https://www.reuters.com/markets/companies/ul/;2024
20016646;UNILEVER PLC;OTHER;https://www.google.com/finance/quote/UL:NYSE;2024
20016646;UNILEVER PLC;OTHER;;
20029695;PROSEGUR;FIN_REP;https://www.prosegur.com/dam/jcr:ba23d819-587b-49f2-a028-26a4cab2bf9a/IARC%202023%20EN.pdf;2024
20029695;PROSEGUR;OTHER;https://companiesmarketcap.com/prosegur/revenue/;2024
20029695;PROSEGUR;OTHER;https://finance.yahoo.com/quote/CASH.MC/;2024
20029695;PROSEGUR;OTHER;https://www.reuters.com/markets/companies/CASHP.MC;2024
20029695;PROSEGUR;OTHER;https://www.google.com/finance/quote/FAE:BME;2024
20029695;PROSEGUR;OTHER;;
20083504;EATON CORPORATION PLC;FIN_REP;https://www.eaton.com/content/dam/eaton/company/investor-relations/annual-report/eaton-2024-annual-report.pdf;2024
20083504;EATON CORPORATION PLC;OTHER;https://finance.yahoo.com/quote/ETN/;2024
20083504;EATON CORPORATION PLC;OTHER;https://www.google.com/finance/quote/ETN:NYSE;2024
20083504;EATON CORPORATION PLC;OTHER;https://www.reuters.com/markets/companies/ETN.N/;2024
20083504;EATON CORPORATION PLC;OTHER;https://companiesmarketcap.com/eaton/stock-splits/;2024
20083504;EATON CORPORATION PLC;OTHER;;
20321242;ANDRITZ GROUP;FIN_REP;https://www.andritz.com/resource/blob/621030/9b073db5f0c2199a357210ff2163950b/andritz-annual-report-2024-web-data.pdf;2024
20321242;ANDRITZ GROUP;OTHER;https://companiesmarketcap.com/andritz/marketcap/;2024
20321242;ANDRITZ GROUP;OTHER;https://www.reuters.com/markets/companies/andr.vi;2024
20321242;ANDRITZ GROUP;OTHER;https://finance.yahoo.com/quote/ADRZF/news/?ncid=yahooproperties_stockrecom_g40boan2td8;2024
20321242;ANDRITZ GROUP;OTHER;https://www.google.com/finance/quote/ADRZY:OTCMKTS?hl=nl;2024
20321242;ANDRITZ GROUP;OTHER;;
20336161;ASSECO;FIN_REP;https://inwestor.asseco.com/files/investor/uploads/Consolidated_financial_statements_of_Asseco_Group_2024.pdf;2024
20336161;ASSECO;OTHER;https://companiesmarketcap.com/asseco/revenue/;2024
20336161;ASSECO;OTHER;https://finance.yahoo.com/quote/ASE.WA/;2024
20336161;ASSECO;OTHER;https://www.reuters.com/markets/companies/ACPP.WA;2024
20336161;ASSECO;OTHER;https://www.google.com/finance/quote/ACB:NASDAQ;2024
20336161;ASSECO;OTHER;;
20344223;ELECTRICITE DE FRANCE;FIN_REP;https://www.edf.fr/sites/groupe/files/2024-02/annual-results-2023-consolidated-financial-statements-2024-02-16.pdf;2023
20344223;ELECTRICITE DE FRANCE;OTHER;https://companiesmarketcap.com/edf/revenue/;2024
20344223;ELECTRICITE DE FRANCE;OTHER;https://finance.yahoo.com/quote/A1HFHT.F/;2024
20344223;ELECTRICITE DE FRANCE;OTHER;https://www.google.com/finance/quote/MERY:EPA;2024
20344223;ELECTRICITE DE FRANCE;OTHER;https://www.reuters.com/markets/companies/EDSP.PA/;2024
20344223;ELECTRICITE DE FRANCE;OTHER;;
20345723;A.P. MOLLER - MAERSK;FIN_REP;https://investor.maersk.com/static-files/31bf05a1-6f0c-4fbd-a3c7-3f58e044f668;2024
20345723;A.P. MOLLER - MAERSK;OTHER;https://www.google.com/finance/quote/AMKBY:OTCMKTS;2024
20345723;A.P. MOLLER - MAERSK;OTHER;https://companiesmarketcap.com/maersk/pe-ratio/;2024
20345723;A.P. MOLLER - MAERSK;OTHER;https://finance.yahoo.com/quote/MAERSK-B.CO/;2024
20345723;A.P. MOLLER - MAERSK;OTHER;https://www.reuters.com/markets/companies/MAERSKb.CO;2024
20345723;A.P. MOLLER - MAERSK;OTHER;;
20397226;L OREAL;FIN_REP;https://www.loreal.com/-/media/project/loreal/brand-sites/corp/master/lcorp/7-local-country-folder/italy/press-release/finance/loreal-2024-annual-results/pr2024fullyearen0.pdf;2024
20397226;L OREAL;OTHER;https://companiesmarketcap.com/l-oreal/revenue/;2024
20397226;L OREAL;OTHER;https://finance.yahoo.com/quote/OR.PA/;2024
20397226;L OREAL;OTHER;https://www.google.com/finance/quote/OR:EPA;2024
20397226;L OREAL;OTHER;https://www.reuters.com/markets/companies/OREP.PA;2024
20397226;L OREAL;OTHER;;
20449369;CARLSBERG A/S;FIN_REP;https://www.carlsberggroup.com/media/zzfbaaxn/carlsberg-breweries-group_2024-annual-report.pdf;2024
20449369;CARLSBERG A/S;OTHER;https://finance.yahoo.com/quote/CARL-B.CO/;2024
20449369;CARLSBERG A/S;OTHER;https://companiesmarketcap.com/eur/carlsberg/revenue/;2024
20449369;CARLSBERG A/S;OTHER;https://www.google.com/finance/quote/CARL-A:CPH;2024
20449369;CARLSBERG A/S;OTHER;https://www.reuters.com/markets/companies/CARLb.CO;2024
20449369;CARLSBERG A/S;OTHER;;
20530530;STELLANTIS;FIN_REP;https://www.stellantis.com/content/dam/stellantis-corporate/investors/financial-reports/Stellantis-NV-20241231-Annual-Report.pdf;2024
20530530;STELLANTIS;OTHER;https://companiesmarketcap.com/stellantis/revenue/;2024
20530530;STELLANTIS;OTHER;https://finance.yahoo.com/quote/STLA/;2024
20530530;STELLANTIS;OTHER;https://www.google.com/finance/quote/STLA:NYSE;2024
20530530;STELLANTIS;OTHER;https://www.reuters.com/markets/companies/STLAM.MI/;2024
20530530;STELLANTIS;OTHER;;
